district_id,state_name,institutional_births_pct,full_immunization_pct,stunted_pct,wasted_pct,underweight_pct,child_anaemia_pct,pregnant_women_anaemia_pct,diarrhoea_prevalence_pct,ari_prevalence_pct,antenatal_care_4visits_pct,postnatal_care_pct,household_electricity_pct,household_drinking_water_pct,household_sanitation_pct,health_insurance_pct,womens_literacy_health_survey
1,ANDAMAN & NICOBAR ISLANDS,97.8,64.2,21.6,15.7,24.6,37.7,,5.7,1.8,71.7,85.1,97.9,98.8,83.5,2.7,87.5
2,ANDAMAN & NICOBAR ISLANDS,97.7,,27.0,27.0,42.8,30.4,,4.5,7.0,79.2,92.5,93.2,92.2,86.4,2.1,84.0
3,ANDAMAN & NICOBAR ISLANDS,99.5,76.3,21.1,12.6,17.4,43.4,,6.0,0.0,85.9,88.1,99.6,97.9,89.3,1.2,86.7
12,ANDHRA PRADESH,97.9,82.8,19.7,19.5,21.4,59.6,,11.9,1.3,78.4,90.8,99.9,87.7,71.6,75.6,64.3
14,ANDHRA PRADESH,99.0,76.8,36.4,19.2,32.2,66.7,,7.5,1.4,71.4,83.9,99.5,93.1,61.7,76.7,58.3
13,ANDHRA PRADESH,95.3,76.5,31.0,21.5,33.5,72.6,,8.1,2.0,58.6,84.8,99.6,91.8,77.8,64.9,69.5
6,ANDHRA PRADESH,96.6,59.0,23.1,14.3,22.4,66.8,,13.3,2.2,51.0,91.9,98.8,97.9,77.7,66.4,77.9
15,ANDHRA PRADESH,98.7,80.0,31.4,11.7,22.5,62.3,,2.7,1.0,62.7,94.8,99.3,99.1,80.8,67.6,77.0
8,ANDHRA PRADESH,98.9,90.0,29.8,14.3,21.1,65.7,,7.8,2.4,73.3,88.3,99.6,94.4,79.1,68.1,76.9
7,ANDHRA PRADESH,98.6,76.2,23.8,17.8,26.9,59.3,51.9,10.0,1.0,62.5,94.0,99.2,99.3,83.4,71.1,68.5
10,ANDHRA PRADESH,97.4,51.9,22.6,8.7,24.7,62.6,,7.9,2.9,73.4,90.1,99.3,98.6,78.4,67.6,62.8
11,ANDHRA PRADESH,97.0,65.3,29.2,17.2,27.8,67.5,,8.9,3.9,73.0,95.5,99.1,95.6,81.8,72.3,70.5
16,ANDHRA PRADESH,99.4,83.0,34.4,14.1,26.7,60.6,57.6,5.9,2.3,82.8,92.3,99.8,99.9,85.4,73.3,63.8
9,ANDHRA PRADESH,88.5,67.0,50.5,16.7,46.3,70.8,67.8,4.5,4.2,74.3,87.8,99.9,97.9,73.5,73.3,57.0
4,ANDHRA PRADESH,94.7,81.8,36.0,19.3,40.6,55.8,54.9,2.5,2.6,66.6,89.1,99.6,98.8,71.3,73.2,63.6
5,ANDHRA PRADESH,97.1,66.6,27.1,14.8,27.9,54.9,52.7,4.8,3.1,65.3,93.8,99.7,98.5,74.6,70.7,69.3
31,ARUNACHAL PRADESH,84.2,67.5,30.4,7.1,9.0,89.6,57.4,14.8,6.2,37.6,49.6,99.7,99.8,81.7,33.5,59.1
35,ARUNACHAL PRADESH,93.6,56.2,24.2,23.2,13.4,66.6,18.2,10.0,2.5,27.6,38.9,97.5,99.8,88.9,38.3,73.7
20,ARUNACHAL PRADESH,76.0,60.8,35.7,15.8,14.2,51.7,13.1,7.3,2.4,29.1,53.6,86.3,93.6,75.6,25.1,62.2
29,ARUNACHAL PRADESH,88.0,60.7,29.7,9.0,15.6,53.4,18.6,4.6,1.9,39.3,53.2,98.7,92.9,75.7,26.9,78.2
34,ARUNACHAL PRADESH,77.0,68.5,36.8,12.2,19.2,60.4,37.9,5.9,1.3,32.1,56.7,87.0,94.7,80.9,21.5,64.3
33,ARUNACHAL PRADESH,76.0,61.4,30.4,12.5,12.0,51.0,22.4,6.2,1.5,34.0,56.4,99.5,99.8,91.8,34.6,74.4
18,ARUNACHAL PRADESH,75.1,70.9,26.3,16.3,25.0,65.3,60.6,1.3,0.8,46.9,69.7,95.2,81.8,82.3,40.5,77.6
27,ARUNACHAL PRADESH,89.8,66.5,30.7,11.5,8.1,52.4,22.1,6.4,4.2,39.1,67.7,97.8,98.1,82.8,24.5,76.8
19,ARUNACHAL PRADESH,85.5,90.7,16.9,18.1,16.0,88.6,39.0,3.9,0.7,40.4,66.2,79.2,100.0,95.0,28.7,77.8
26,ARUNACHAL PRADESH,90.1,73.8,14.3,7.6,9.7,51.5,19.6,2.8,1.0,48.6,58.6,84.4,99.5,89.9,36.8,81.6
17,ARUNACHAL PRADESH,78.0,93.0,23.6,14.3,16.0,57.1,19.7,9.3,7.1,32.3,55.8,96.4,86.6,86.8,17.5,67.9
21,ARUNACHAL PRADESH,90.8,48.8,24.6,8.6,10.3,51.5,32.8,8.5,2.0,34.3,55.7,97.3,97.3,83.9,30.5,83.8
22,ARUNACHAL PRADESH,73.5,63.6,28.8,9.4,14.5,62.0,2.0,6.0,1.8,18.3,34.9,99.7,99.8,89.3,24.0,55.3
23,ARUNACHAL PRADESH,69.2,71.4,29.2,15.1,13.9,62.4,,4.7,5.6,44.1,62.3,99.2,99.8,78.3,13.4,76.5
24,ARUNACHAL PRADESH,90.2,74.0,24.5,12.7,12.9,52.5,33.2,7.5,1.7,39.6,66.2,98.9,96.9,83.7,31.9,73.4
25,ARUNACHAL PRADESH,64.5,52.7,15.8,20.6,13.8,38.4,19.1,0.5,0.8,39.6,57.1,97.4,62.5,83.5,23.8,71.9
28,ARUNACHAL PRADESH,63.6,67.2,28.7,12.4,17.7,59.2,52.6,1.7,0.2,35.4,51.2,96.5,93.5,75.1,30.9,67.1
30,ARUNACHAL PRADESH,81.1,60.3,21.3,12.1,8.8,24.9,15.4,2.7,0.9,31.1,56.0,99.6,96.3,91.2,26.1,87.4
32,ARUNACHAL PRADESH,70.2,66.3,38.6,13.8,16.0,48.4,24.1,7.6,3.3,35.7,49.8,98.8,93.8,86.7,30.8,75.1
36,ARUNACHAL PRADESH,84.6,55.4,24.5,15.1,16.2,45.6,16.8,3.1,2.2,30.4,61.4,88.2,99.1,87.7,26.6,77.9
58,ASSAM,81.9,51.1,34.6,20.5,35.2,74.7,59.5,3.4,3.8,36.9,68.3,93.9,87.3,72.2,50.2,73.7
49,ASSAM,92.3,70.3,38.9,24.3,35.4,60.7,49.2,7.8,2.1,44.1,73.5,89.6,90.7,75.3,71.1,74.1
38,ASSAM,87.6,54.6,29.8,19.5,26.2,63.5,47.6,1.7,1.5,43.6,70.5,88.9,98.1,63.7,58.9,74.8
61,ASSAM,88.3,73.4,43.2,16.1,30.5,53.3,48.0,5.4,5.9,42.0,67.9,89.5,94.6,62.3,62.5,78.7
59,ASSAM,96.2,69.0,38.5,18.2,34.4,69.3,42.3,3.7,3.9,51.7,67.7,97.2,81.2,74.2,67.0,83.9
45,ASSAM,87.3,89.7,37.2,18.3,25.7,73.1,61.7,0.9,3.0,62.2,72.8,95.0,95.3,70.8,66.8,81.5
67,ASSAM,82.6,75.0,32.8,21.5,32.2,66.4,71.7,4.9,2.0,63.1,73.6,95.7,96.8,66.7,60.0,70.5
47,ASSAM,93.1,83.8,27.3,20.6,32.0,66.4,47.2,5.8,2.5,75.6,82.1,94.4,98.1,75.3,58.8,76.6
50,ASSAM,90.4,72.4,26.3,19.2,25.5,75.1,76.7,8.0,4.1,65.7,73.5,96.4,93.7,73.1,69.3,75.1
48,ASSAM,89.5,63.6,30.6,23.6,21.7,73.1,43.3,7.0,2.7,46.9,73.8,95.9,50.2,83.8,61.9,87.7
41,ASSAM,79.2,70.4,28.7,30.7,38.2,61.8,44.0,4.2,2.1,32.7,57.3,81.7,43.8,57.6,57.9,77.2
57,ASSAM,76.4,75.1,29.1,48.0,52.9,64.1,41.9,7.6,2.3,42.8,63.9,87.1,62.3,61.5,64.4,80.7
51,ASSAM,83.0,68.6,42.9,22.2,42.4,59.5,58.7,5.1,4.9,43.1,68.8,91.2,41.2,60.0,53.6,82.2
40,ASSAM,84.5,67.9,46.2,20.2,35.3,77.2,51.2,4.4,1.6,33.9,57.0,97.0,95.3,72.5,57.6,75.8
43,ASSAM,83.7,71.1,42.7,19.5,39.7,70.4,54.1,6.3,1.6,56.5,59.7,97.8,92.1,77.1,61.5,71.5
54,ASSAM,85.0,63.6,22.6,14.8,19.7,72.9,66.5,5.0,1.5,46.9,61.4,94.8,92.1,68.7,47.0,79.6
55,ASSAM,89.1,53.6,25.4,18.2,25.0,80.4,56.4,5.2,1.3,68.9,75.6,99.2,87.2,65.2,45.5,86.0
63,ASSAM,91.8,65.5,27.5,15.4,26.7,71.0,53.2,3.6,2.2,55.9,73.8,94.7,99.5,68.1,52.5,83.9
37,ASSAM,89.9,70.5,41.2,17.0,34.0,78.6,65.3,5.8,0.8,56.0,65.0,98.1,89.8,68.9,69.0,74.8
44,ASSAM,84.4,57.1,42.0,27.0,33.1,66.8,51.6,2.1,2.3,37.5,53.2,89.5,99.7,67.9,53.7,75.6
68,ASSAM,86.2,38.3,33.8,21.3,32.5,77.6,63.9,3.2,2.3,49.8,53.1,95.5,82.3,73.8,70.6,70.0
39,ASSAM,84.3,66.2,42.7,27.1,41.0,79.8,45.1,3.7,2.0,46.5,56.5,91.1,76.2,76.6,68.4,69.2
42,ASSAM,88.2,74.0,39.0,23.5,34.8,69.7,61.6,9.8,2.2,64.5,70.5,91.7,96.4,75.9,64.9,71.9
46,ASSAM,64.2,71.6,48.5,21.5,37.8,73.1,69.7,9.8,1.7,37.6,48.4,92.5,96.7,61.8,59.4,69.5
52,ASSAM,82.1,55.5,39.3,12.7,28.4,56.8,51.4,4.4,2.4,51.3,63.9,96.3,99.9,63.1,67.4,83.2
53,ASSAM,96.5,69.2,38.7,15.5,33.2,74.1,56.4,6.3,3.0,67.0,81.4,95.1,85.9,80.4,60.1,85.1
56,ASSAM,74.9,64.3,31.6,17.2,28.2,67.5,42.1,2.2,2.2,63.9,56.9,97.0,79.6,75.2,54.1,78.8
60,ASSAM,90.3,78.6,35.4,14.1,22.2,73.0,,3.6,3.0,72.2,73.5,93.5,98.6,65.6,60.8,83.4
62,ASSAM,83.7,58.2,38.9,19.4,32.4,68.6,62.4,8.7,2.8,59.4,62.0,94.5,96.1,66.1,59.4,78.4
64,ASSAM,95.3,77.6,26.1,21.1,25.9,67.5,54.3,5.1,0.4,80.9,73.8,97.0,92.7,82.3,60.7,86.6
65,ASSAM,83.5,70.9,36.7,13.1,21.9,69.4,47.3,4.3,2.4,45.5,63.5,88.2,82.9,72.2,66.9,76.9
66,ASSAM,71.7,65.8,38.9,18.2,27.9,69.6,37.6,5.4,3.9,35.3,62.6,79.5,98.2,59.0,68.2,63.5
69,ASSAM,72.5,47.9,40.9,23.2,31.1,79.0,38.8,6.8,2.9,46.7,55.7,94.7,44.7,76.7,63.1,73.9
94,BIHAR,79.5,62.1,43.5,13.2,30.3,61.6,61.4,22.1,6.6,25.4,57.3,93.5,99.7,43.3,20.0,52.5
96,BIHAR,61.5,68.3,49.1,16.8,37.9,61.0,61.1,13.4,4.7,21.7,43.7,94.8,99.9,48.3,19.4,50.2
103,BIHAR,74.3,62.9,34.4,35.4,42.2,73.1,37.3,8.7,5.2,25.3,61.1,97.6,100.0,57.9,18.1,52.5
104,BIHAR,64.4,66.6,54.2,16.2,40.8,70.0,59.7,26.6,3.4,20.3,51.1,93.1,99.7,50.7,20.7,51.7
89,BIHAR,73.7,74.1,43.3,17.1,36.0,71.0,68.0,30.2,4.4,34.9,58.9,98.6,100.0,38.2,19.2,53.2
106,BIHAR,80.4,73.6,42.3,25.8,45.0,63.6,56.1,39.3,5.0,30.9,60.7,97.3,99.7,50.7,14.2,42.1
70,BIHAR,66.2,61.6,49.9,23.9,47.8,75.8,70.5,16.3,6.0,25.8,46.4,96.2,100.0,32.2,19.5,43.7
86,BIHAR,54.6,67.3,38.8,23.9,41.1,67.5,68.4,9.1,1.8,17.1,40.7,95.8,100.0,52.4,8.1,48.0
97,BIHAR,68.9,62.7,43.5,25.8,47.1,68.0,74.6,12.4,2.7,11.1,41.0,92.4,99.6,35.6,10.2,47.5
84,BIHAR,66.9,73.7,43.9,23.5,48.1,65.6,61.0,10.6,2.1,15.3,41.7,92.0,99.2,44.6,8.4,49.7
88,BIHAR,75.0,72.0,46.3,20.6,43.5,67.7,69.0,13.6,1.6,20.9,49.5,97.0,99.3,34.6,9.5,47.6
99,BIHAR,70.4,72.2,47.8,20.5,42.7,69.3,61.8,8.8,2.0,11.7,38.5,97.2,100.0,40.5,12.8,43.1
78,BIHAR,69.9,66.3,45.4,19.3,39.2,68.9,52.5,14.3,3.8,24.9,50.5,97.2,99.8,48.7,25.3,49.4
91,BIHAR,72.5,74.9,42.6,19.9,34.7,64.6,61.7,14.6,4.3,28.2,55.9,96.6,99.9,55.2,13.2,63.0
80,BIHAR,85.9,75.8,34.2,21.5,29.2,56.1,54.0,6.1,5.9,27.9,53.9,96.2,99.9,60.1,12.7,63.3
105,BIHAR,86.4,76.1,36.7,18.2,30.8,63.9,58.0,15.8,7.4,30.3,63.9,95.3,99.8,47.7,8.2,70.9
101,BIHAR,73.0,72.0,39.7,28.8,45.0,69.8,59.1,15.9,1.6,30.7,54.1,93.6,99.7,37.2,9.4,65.6
107,BIHAR,81.6,71.0,38.3,19.6,38.4,77.1,66.8,15.0,3.9,24.5,57.4,96.5,99.2,52.6,13.5,62.4
100,BIHAR,83.4,71.4,44.0,21.3,42.8,67.2,69.7,10.6,4.5,23.5,52.1,95.7,98.6,48.8,19.0,54.3
74,BIHAR,86.0,65.8,37.8,21.0,35.6,74.5,58.7,11.9,3.1,21.6,58.6,96.2,99.1,62.2,13.2,62.3
85,BIHAR,74.2,64.7,34.8,25.3,36.4,67.1,62.9,13.9,1.6,17.4,54.2,94.5,98.8,65.0,15.6,51.8
75,BIHAR,77.2,66.8,40.0,21.2,40.4,78.7,63.7,10.9,1.1,27.6,54.0,94.5,98.0,60.9,16.3,65.6
73,BIHAR,79.8,88.1,46.7,26.9,45.8,77.8,68.6,6.9,2.3,31.7,72.3,96.2,96.3,38.2,13.6,55.7
90,BIHAR,93.2,73.4,35.5,26.7,39.5,74.3,72.9,14.5,2.6,36.8,80.7,98.4,97.7,62.8,15.2,69.5
87,BIHAR,75.8,68.9,42.7,25.6,45.1,77.2,67.8,9.7,1.3,28.0,66.7,98.0,96.6,51.6,15.1,57.9
102,BIHAR,89.2,82.8,53.6,16.3,37.6,80.1,64.2,9.1,6.8,28.4,77.1,97.3,98.4,54.2,9.7,55.0
92,BIHAR,80.3,75.2,42.6,27.8,46.7,80.3,61.7,12.4,5.3,29.3,77.5,98.9,98.9,52.5,12.8,56.1
95,BIHAR,89.1,56.6,34.5,27.5,39.6,65.4,63.7,9.3,0.7,17.9,59.0,99.0,98.8,61.0,10.2,67.6
76,BIHAR,86.9,61.9,40.7,31.3,44.0,67.7,68.3,11.8,1.4,33.5,56.1,97.9,99.7,45.9,9.6,64.1
77,BIHAR,89.5,75.0,39.6,33.2,45.3,68.3,55.1,10.4,3.7,27.4,66.9,98.5,99.8,52.4,11.4,68.1
83,BIHAR,83.3,88.9,44.1,27.3,47.2,71.4,62.4,3.1,4.2,25.6,81.6,96.7,98.0,59.1,18.1,66.0
98,BIHAR,89.1,86.8,40.0,31.8,48.2,70.3,51.0,3.6,3.1,34.2,85.0,98.5,99.6,69.0,17.2,76.5
72,BIHAR,77.5,89.7,41.2,32.9,48.7,68.4,53.1,7.1,2.5,29.3,71.5,97.7,100.0,47.1,15.4,67.6
79,BIHAR,76.6,85.0,47.4,24.3,43.5,76.7,64.4,5.1,4.1,25.1,72.5,97.9,99.2,44.4,9.7,59.4
93,BIHAR,79.9,74.5,49.4,18.2,37.3,73.3,74.3,3.4,2.8,31.6,74.1,97.4,99.3,47.9,8.1,62.1
81,BIHAR,73.4,66.4,43.0,19.4,37.5,81.9,60.6,2.1,1.9,37.9,66.7,97.9,90.5,37.6,14.3,48.7
82,BIHAR,89.1,70.3,41.3,36.6,51.7,61.9,72.1,11.2,3.4,17.4,77.7,99.3,99.8,45.5,13.2,63.2
71,BIHAR,79.2,84.2,45.6,36.8,52.9,65.8,70.4,13.4,5.0,34.5,70.1,97.4,99.9,43.4,15.6,62.5
108,CHANDIGARH,96.9,80.9,25.3,8.4,20.6,54.6,,4.3,0.3,78.7,90.6,99.9,99.1,85.0,32.2,83.0
125,CHHATTISGARH,80.8,87.1,32.1,18.1,31.8,56.3,54.1,1.2,0.4,70.0,78.2,97.6,87.6,73.3,62.8,77.1
121,CHHATTISGARH,85.6,94.2,35.8,17.0,33.6,54.1,54.5,1.3,0.0,48.6,82.7,98.2,88.8,72.8,80.6,75.1
129,CHHATTISGARH,87.7,90.9,39.1,14.9,28.0,62.7,54.2,1.9,0.8,55.4,89.6,99.0,97.5,66.3,66.3,76.0
124,CHHATTISGARH,75.4,68.4,34.7,14.7,27.9,63.6,54.6,5.3,0.3,49.3,76.7,97.9,82.2,73.3,60.6,77.6
120,CHHATTISGARH,86.2,85.5,32.5,24.6,30.2,74.1,60.0,6.2,2.1,62.8,85.9,99.5,97.2,78.8,74.0,77.0
122,CHHATTISGARH,91.7,95.4,37.9,12.0,27.3,67.5,35.6,0.0,0.0,58.9,93.0,99.5,97.9,80.3,72.1,67.8
131,CHHATTISGARH,95.5,91.0,27.6,19.4,31.0,80.5,,2.9,0.0,76.1,90.5,99.3,98.8,79.2,80.8,82.4
126,CHHATTISGARH,92.9,82.1,36.8,14.0,25.8,75.8,56.5,5.1,2.4,65.8,89.1,98.4,98.8,84.2,76.2,72.6
117,CHHATTISGARH,94.3,80.6,30.5,17.9,28.9,67.3,,1.4,3.1,70.4,84.3,99.9,99.1,89.8,86.8,83.7
135,CHHATTISGARH,94.1,89.5,24.8,24.5,36.1,62.3,33.4,3.2,2.8,77.9,87.4,99.4,98.7,80.5,84.8,78.5
128,CHHATTISGARH,74.2,81.7,43.7,21.5,39.5,86.8,57.2,4.6,1.6,59.1,76.9,90.1,90.5,52.8,83.1,53.8
114,CHHATTISGARH,63.6,78.4,53.8,20.0,46.1,77.2,60.3,4.5,2.8,56.9,64.9,86.8,94.3,30.6,73.5,46.3
109,CHHATTISGARH,97.4,85.2,33.6,15.1,36.0,68.3,48.6,1.3,1.2,81.5,90.8,99.7,99.5,83.8,79.5,84.7
110,CHHATTISGARH,78.1,77.3,40.9,19.4,34.1,67.8,56.2,4.7,3.0,49.5,72.6,99.2,94.8,78.9,66.1,75.0
111,CHHATTISGARH,78.9,76.1,35.1,23.0,38.8,50.1,65.5,1.1,0.5,52.1,78.6,97.9,84.4,57.3,62.3,66.8
112,CHHATTISGARH,63.5,57.3,48.1,20.4,45.2,80.7,79.0,18.5,5.3,55.1,69.2,96.8,94.1,61.0,69.3,54.6
113,CHHATTISGARH,95.0,93.4,38.4,16.4,27.6,61.8,49.2,1.3,0.0,54.6,91.5,99.7,98.8,80.5,63.4,74.1
115,CHHATTISGARH,79.4,52.5,25.7,24.0,28.0,78.1,41.4,5.1,0.8,46.9,75.7,98.6,93.6,80.5,60.4,74.3
116,CHHATTISGARH,90.5,77.6,45.6,19.4,45.8,89.9,63.0,2.4,1.0,68.2,84.9,95.9,95.1,60.5,82.2,50.3
118,CHHATTISGARH,96.7,82.7,38.9,16.9,27.7,57.1,41.2,2.0,0.0,69.9,94.2,99.6,98.5,89.5,67.0,84.6
119,CHHATTISGARH,87.6,83.4,28.9,21.9,22.1,73.9,55.3,1.6,4.8,57.8,86.3,98.7,96.8,81.0,79.8,72.1
123,CHHATTISGARH,78.7,70.1,37.6,22.8,42.2,76.6,87.6,10.9,4.4,64.1,79.4,97.8,98.8,79.5,80.6,56.1
127,CHHATTISGARH,69.8,79.7,30.1,17.7,30.6,62.0,50.3,1.2,0.0,67.3,74.4,99.7,98.0,80.7,68.0,68.6
130,CHHATTISGARH,90.7,74.2,32.2,21.7,32.3,74.6,37.1,3.4,3.8,65.6,88.4,99.5,99.7,84.0,76.9,81.3
132,CHHATTISGARH,81.2,73.3,41.8,21.2,37.4,91.4,65.8,4.9,1.8,74.0,80.6,98.3,96.0,35.5,78.1,40.5
133,CHHATTISGARH,85.9,78.7,27.6,19.3,32.3,51.1,55.4,2.5,0.0,48.9,83.0,98.7,83.4,75.4,75.7,68.3
134,CHHATTISGARH,85.3,84.6,29.4,17.5,30.6,51.4,46.4,2.6,0.3,57.7,83.4,99.3,96.4,75.8,65.1,73.7
138,DADRA AND NAGAR HAVELI & DAMAN AND DIU,95.7,92.9,33.9,17.4,28.5,62.8,43.3,1.2,0.5,90.7,93.0,100.0,99.7,89.7,64.0,90.8
137,DADRA AND NAGAR HAVELI & DAMAN AND DIU,97.4,78.3,30.0,25.2,29.3,82.5,,4.8,0.5,70.5,89.5,99.5,96.0,67.1,32.9,85.9
136,DADRA AND NAGAR HAVELI & DAMAN AND DIU,96.3,100.0,42.4,20.9,42.1,74.8,62.1,2.1,0.3,90.9,92.2,99.7,94.8,63.1,58.8,72.8
139,GOA,99.6,78.6,24.2,17.7,25.8,55.2,,3.6,1.5,91.3,93.1,100.0,98.1,87.7,64.8,92.4
140,GOA,100.0,,28.3,21.4,21.0,50.0,,2.5,0.0,96.0,99.5,100.0,99.0,88.2,67.7,93.8
156,GUJARAT,97.4,70.2,37.5,20.2,33.4,68.6,43.1,3.2,0.5,84.2,93.9,99.2,96.8,85.8,34.3,75.6
145,GUJARAT,92.9,43.5,39.0,25.5,44.1,79.0,68.6,7.7,0.0,56.1,86.1,91.1,93.6,53.9,41.0,63.7
164,GUJARAT,98.6,81.0,50.5,20.9,42.3,76.2,60.1,6.8,0.5,79.8,93.6,98.3,99.4,73.1,50.2,71.1
158,GUJARAT,97.3,79.6,31.0,28.2,41.4,86.0,62.9,14.6,0.5,56.6,79.7,97.7,97.0,72.1,40.7,75.1
152,GUJARAT,97.8,77.7,38.1,30.6,44.6,81.2,57.4,15.0,0.4,71.0,88.2,97.8,99.7,84.6,29.7,81.8
165,GUJARAT,100.0,82.9,18.2,21.8,25.5,77.9,54.9,5.6,0.8,92.1,97.6,99.8,96.2,85.7,42.1,84.3
142,GUJARAT,90.1,60.1,35.3,23.7,30.6,72.0,,3.5,0.3,92.6,87.0,99.6,97.8,73.3,47.7,77.2
143,GUJARAT,96.0,77.0,38.4,28.6,46.6,78.4,,11.7,0.0,64.2,90.3,98.0,99.7,82.1,36.2,75.9
151,GUJARAT,92.5,66.2,55.3,27.8,53.0,87.2,69.4,14.0,3.7,70.9,87.2,89.3,91.0,35.9,40.3,56.1
161,GUJARAT,81.7,82.8,47.2,23.0,52.8,93.2,75.6,7.5,1.0,83.4,87.2,92.7,96.8,54.6,51.1,67.3
146,GUJARAT,91.1,80.0,40.9,24.5,45.5,81.0,77.2,11.2,0.4,65.7,78.8,98.2,97.2,77.7,37.4,74.0
171,GUJARAT,74.5,91.3,37.6,40.9,53.1,82.4,66.8,5.1,2.7,90.2,80.1,95.9,91.2,71.7,44.3,68.9
162,GUJARAT,99.3,95.0,36.8,29.0,43.6,75.3,,6.6,3.9,94.7,98.2,98.7,97.4,80.1,42.0,84.1
173,GUJARAT,96.5,91.1,37.8,23.2,34.8,87.6,71.0,4.9,0.6,92.5,95.0,98.6,98.0,85.3,40.6,82.9
168,GUJARAT,97.7,92.8,36.1,26.0,32.5,83.6,58.7,3.1,0.0,93.4,96.7,99.3,98.9,82.0,31.6,84.2
170,GUJARAT,92.9,97.5,41.7,36.6,51.8,80.7,72.0,8.1,1.6,91.0,90.0,97.6,99.0,70.2,42.3,72.0
141,GUJARAT,94.5,65.2,35.5,17.5,34.0,72.0,70.1,1.8,1.0,77.8,90.0,99.5,98.7,86.4,36.2,81.5
144,GUJARAT,92.2,77.0,47.1,29.0,47.2,89.5,82.6,16.6,1.8,73.8,87.6,96.5,98.5,56.3,43.9,71.9
147,GUJARAT,94.2,74.3,32.6,29.6,39.5,71.5,56.2,11.1,1.8,70.9,87.0,96.9,95.1,72.9,32.2,74.2
148,GUJARAT,93.5,65.1,32.2,26.0,32.3,75.5,48.5,5.4,0.6,82.7,85.4,99.3,99.2,72.0,38.0,71.8
149,GUJARAT,85.7,81.7,48.6,28.4,48.1,87.7,72.1,11.3,2.7,81.2,91.1,95.3,97.4,53.0,40.0,53.2
150,GUJARAT,94.8,73.3,30.2,26.1,36.2,66.7,49.1,9.1,0.0,76.6,90.1,98.7,93.9,73.4,33.5,66.1
153,GUJARAT,87.1,69.9,44.4,18.5,30.3,68.9,57.7,9.9,0.7,80.7,90.8,99.5,98.2,74.3,46.6,73.1
154,GUJARAT,96.5,78.4,28.4,23.8,28.9,75.0,,4.0,2.1,73.8,92.4,98.9,99.7,86.6,38.6,83.1
155,GUJARAT,97.4,93.5,37.3,17.3,26.4,74.7,57.3,7.5,1.5,72.5,84.1,99.3,97.0,81.7,47.3,82.8
157,GUJARAT,95.2,69.0,37.3,30.9,39.5,85.1,72.9,14.1,1.5,61.2,85.1,96.9,97.7,63.3,32.2,70.9
159,GUJARAT,93.0,80.0,43.4,26.2,49.0,85.9,56.5,14.4,0.9,76.6,90.9,95.2,94.8,44.4,46.0,70.9
160,GUJARAT,94.8,64.2,32.9,25.2,32.3,75.3,50.1,3.7,0.9,75.1,89.9,99.9,98.3,80.1,34.4,82.4
163,GUJARAT,88.4,95.4,47.1,35.7,51.9,91.0,74.0,13.7,0.9,88.7,88.0,95.5,91.0,58.9,34.0,71.7
166,GUJARAT,99.3,84.9,38.9,17.6,37.0,77.0,,4.3,1.2,93.5,98.1,99.6,99.5,85.4,45.1,84.7
167,GUJARAT,89.4,88.5,37.0,33.1,41.0,81.1,49.4,14.0,0.5,73.2,86.9,95.3,90.7,61.0,49.3,74.5
169,GUJARAT,85.6,62.5,39.2,27.1,41.8,81.0,60.8,8.6,2.9,57.5,78.4,99.4,96.9,63.8,50.4,75.1
172,GUJARAT,95.9,84.9,42.3,20.1,39.9,86.4,65.9,11.8,0.7,65.9,90.7,97.3,99.5,85.6,41.7,84.6
189,HARYANA,97.0,85.1,21.8,12.0,19.3,53.1,,3.2,0.8,76.9,95.3,99.5,99.2,82.6,19.9,87.9
174,HARYANA,97.8,79.3,24.1,10.9,13.7,64.2,33.8,5.6,5.8,57.4,86.9,99.6,99.3,87.2,19.0,88.9
195,HARYANA,94.8,82.9,27.7,12.1,23.1,72.9,62.2,7.2,6.6,66.4,88.3,99.8,100.0,83.5,20.6,87.1
185,HARYANA,98.4,69.8,24.9,12.8,22.5,73.7,46.3,7.7,7.7,59.8,95.3,99.6,99.9,82.6,19.2,83.9
183,HARYANA,98.2,74.3,29.9,20.7,29.9,61.4,43.2,4.5,1.6,68.8,95.3,100.0,98.5,89.7,29.1,74.0
184,HARYANA,99.0,88.9,29.2,9.8,20.5,78.3,53.2,4.4,5.1,84.7,97.5,99.2,99.9,83.5,24.6,84.5
190,HARYANA,97.1,80.6,25.1,9.9,18.9,73.4,69.0,8.2,4.7,49.2,92.8,99.6,99.9,79.3,26.5,85.9
194,HARYANA,99.7,83.0,23.6,9.2,12.7,68.7,61.0,4.3,4.0,64.1,94.5,99.3,97.2,86.7,22.4,89.1
182,HARYANA,98.7,77.5,25.5,8.8,22.9,68.9,62.7,5.1,0.7,49.6,96.4,100.0,96.2,88.5,23.7,83.6
178,HARYANA,97.9,90.7,24.6,16.0,26.6,59.3,59.0,3.6,0.6,60.1,96.9,99.8,99.8,87.3,29.4,73.2
193,HARYANA,99.3,,25.0,12.6,23.4,70.1,,5.2,0.9,61.9,97.4,99.9,99.3,81.9,26.6,73.1
180,HARYANA,98.2,85.5,27.8,16.4,21.4,70.5,58.7,4.7,2.2,69.9,93.3,99.7,99.3,89.1,27.9,79.8
192,HARYANA,97.4,77.4,28.9,12.5,22.1,76.2,77.1,3.8,1.9,72.3,96.2,99.7,98.5,90.0,24.8,88.5
181,HARYANA,97.2,90.9,15.6,8.0,9.7,76.9,65.7,3.7,0.3,60.1,96.0,99.8,96.6,91.7,27.0,89.1
186,HARYANA,98.9,73.9,25.2,8.4,15.4,72.3,62.8,4.7,0.8,55.2,88.0,99.6,99.7,79.8,25.6,82.7
191,HARYANA,98.7,79.3,25.9,9.3,20.5,71.3,59.3,2.7,0.0,63.8,90.5,100.0,99.7,86.4,25.3,87.4
179,HARYANA,96.7,58.7,22.1,15.7,22.2,67.7,55.9,4.5,0.0,48.1,87.7,99.4,99.7,84.5,34.6,87.1
187,HARYANA,74.6,53.8,44.4,14.2,37.3,76.4,55.2,4.1,0.7,45.9,65.9,98.6,97.1,71.7,11.5,45.1
177,HARYANA,92.5,69.5,28.9,8.0,19.5,68.4,30.9,4.7,1.2,51.2,93.5,100.0,97.9,84.2,32.8,84.4
188,HARYANA,78.3,69.0,31.0,9.9,21.0,71.6,56.8,5.6,2.1,53.4,82.7,98.9,96.7,80.3,23.5,71.1
175,HARYANA,97.7,72.5,29.0,6.0,20.6,69.2,54.1,5.8,0.3,60.4,91.5,100.0,97.5,89.7,28.2,80.0
176,HARYANA,98.9,84.2,23.9,10.6,16.9,67.2,62.4,4.1,0.3,53.4,93.9,99.5,97.3,90.4,29.7,84.4
197,HIMACHAL PRADESH,72.0,100.0,42.6,15.4,26.0,46.5,38.3,2.0,1.6,62.7,72.9,99.1,85.5,86.5,26.8,84.1
199,HIMACHAL PRADESH,90.2,83.9,28.0,19.4,32.0,55.3,,5.0,0.4,56.3,88.7,99.7,98.6,73.3,36.4,94.4
202,HIMACHAL PRADESH,86.4,77.9,28.5,16.3,18.4,91.0,,6.5,1.3,65.6,81.1,99.8,89.2,61.7,31.2,86.2
201,HIMACHAL PRADESH,87.0,80.2,35.9,16.1,25.6,75.3,23.1,8.5,0.5,60.0,84.6,99.2,94.3,81.2,26.8,87.4
203,HIMACHAL PRADESH,86.6,94.1,31.3,19.9,21.3,52.2,43.5,2.6,0.4,70.3,84.2,99.5,96.5,87.0,41.3,94.0
198,HIMACHAL PRADESH,97.6,74.3,27.3,14.9,23.6,52.0,,12.4,1.1,59.4,88.9,99.7,98.0,85.5,32.0,94.8
207,HIMACHAL PRADESH,89.7,75.3,24.7,13.1,25.8,58.7,60.4,9.2,0.4,71.7,84.9,98.5,98.8,81.4,22.6,92.5
196,HIMACHAL PRADESH,91.7,100.0,40.1,12.0,38.8,44.8,,6.3,0.0,81.4,92.9,100.0,92.9,80.8,35.4,91.2
206,HIMACHAL PRADESH,90.2,92.6,32.3,20.9,26.7,50.4,30.5,3.0,4.0,88.2,85.9,99.2,96.5,81.8,41.9,91.0
205,HIMACHAL PRADESH,87.4,93.9,28.6,18.5,24.2,58.5,46.3,3.3,2.8,85.2,88.7,99.2,95.7,84.3,26.2,84.9
204,HIMACHAL PRADESH,92.2,96.5,27.1,15.5,14.9,59.1,,1.6,3.8,85.3,91.6,100.0,97.3,87.3,37.1,93.4
200,HIMACHAL PRADESH,82.7,91.7,32.2,11.3,18.9,75.6,,7.4,0.8,75.3,83.4,99.6,96.9,80.1,35.9,89.1
219,JAMMU & KASHMIR,97.1,93.2,24.9,25.1,25.5,78.8,45.7,9.0,8.9,89.2,90.5,99.3,88.0,67.7,10.4,76.0
209,JAMMU & KASHMIR,96.5,92.5,26.8,18.9,20.6,85.0,57.0,6.3,5.1,66.5,88.7,99.5,95.8,77.0,5.2,74.1
221,JAMMU & KASHMIR,86.0,91.2,25.9,15.6,18.8,54.3,24.9,6.0,3.8,86.4,81.7,99.7,76.8,66.7,11.1,79.3
222,JAMMU & KASHMIR,88.8,95.0,30.3,22.5,32.4,76.4,41.8,10.7,6.1,71.9,78.7,100.0,77.7,63.3,16.4,79.4
216,JAMMU & KASHMIR,97.1,100.0,21.8,22.5,25.9,67.0,28.4,2.1,1.0,31.6,81.2,99.7,96.1,75.4,7.0,87.7
211,JAMMU & KASHMIR,96.2,73.7,23.2,18.2,17.3,70.4,56.0,9.9,3.8,75.2,80.1,98.7,93.3,77.7,6.5,67.9
210,JAMMU & KASHMIR,92.8,90.3,25.2,14.0,16.8,75.1,55.3,8.0,4.8,82.6,82.6,99.0,89.8,66.8,9.1,66.6
227,JAMMU & KASHMIR,99.2,90.9,33.0,18.6,15.8,77.0,38.8,1.2,2.2,85.1,90.9,100.0,98.5,86.8,17.9,78.4
213,JAMMU & KASHMIR,98.0,81.2,18.5,25.9,20.1,89.8,63.0,4.7,2.3,80.4,88.4,99.5,97.2,78.4,8.3,64.0
220,JAMMU & KASHMIR,97.8,88.8,22.4,15.3,20.2,67.4,37.7,3.7,2.6,96.2,95.0,99.1,98.0,91.6,9.9,76.6
226,JAMMU & KASHMIR,98.3,92.2,22.0,32.8,33.5,57.1,33.5,2.7,3.8,86.8,84.5,99.9,99.2,86.5,8.4,80.8
208,JAMMU & KASHMIR,90.5,83.3,28.2,24.9,28.3,79.2,54.1,7.0,7.7,80.9,85.1,98.7,99.3,84.7,7.3,74.7
218,JAMMU & KASHMIR,98.9,98.1,28.4,11.3,15.3,77.7,63.2,2.1,0.0,92.2,91.5,99.8,96.4,80.5,4.2,70.9
212,JAMMU & KASHMIR,73.5,61.7,32.7,9.5,15.2,80.7,47.7,2.7,0.0,74.3,71.6,99.6,92.6,70.9,7.6,69.2
223,JAMMU & KASHMIR,80.4,78.9,25.7,15.6,21.2,62.0,36.0,6.4,3.4,79.2,71.3,97.4,73.4,48.9,9.2,62.2
217,JAMMU & KASHMIR,91.6,91.6,27.5,22.8,17.7,88.5,65.3,6.0,2.2,76.4,75.7,88.8,86.8,59.6,16.4,71.3
228,JAMMU & KASHMIR,87.2,85.8,37.3,19.8,31.9,70.4,44.5,11.9,4.5,69.8,71.2,99.9,76.4,69.8,16.8,77.3
224,JAMMU & KASHMIR,69.3,79.1,17.7,13.0,11.7,69.7,40.3,0.9,0.9,75.9,64.7,99.9,76.5,62.7,11.2,68.2
214,JAMMU & KASHMIR,96.5,84.1,27.0,18.0,17.6,68.4,41.7,2.7,3.6,95.4,92.2,100.0,99.9,81.2,23.3,91.5
225,JAMMU & KASHMIR,97.9,90.9,24.5,20.4,15.5,69.0,41.1,4.7,3.2,96.2,92.3,99.8,95.4,78.8,19.0,84.8
234,JHARKHAND,84.0,77.2,47.7,18.9,40.6,62.5,58.9,6.6,0.2,29.8,70.3,85.0,92.5,54.1,55.3,62.7
230,JHARKHAND,71.5,71.7,42.2,17.2,39.8,62.6,56.5,4.5,1.4,32.4,61.2,92.1,83.3,48.1,46.5,61.8
241,JHARKHAND,91.3,73.8,34.6,18.0,31.7,60.0,59.7,8.2,2.4,47.6,75.8,97.1,83.9,54.0,56.8,66.9
235,JHARKHAND,70.7,70.6,31.9,27.8,34.3,62.8,56.7,9.0,3.1,42.1,61.3,96.5,87.6,59.2,52.4,57.3
231,JHARKHAND,61.3,54.5,41.7,17.7,36.9,73.9,72.4,6.5,0.8,30.7,55.6,95.6,90.8,41.6,53.8,54.2
236,JHARKHAND,70.2,63.9,39.4,24.5,40.7,75.1,65.2,6.8,4.2,39.2,67.9,93.5,91.4,54.9,45.9,50.4
250,JHARKHAND,64.7,66.0,49.1,19.7,44.8,72.6,63.6,3.4,2.2,36.2,64.8,91.6,88.2,43.2,34.8,54.9
244,JHARKHAND,64.6,69.4,51.3,23.6,51.4,72.1,67.5,4.3,1.2,26.6,61.6,91.7,88.6,38.3,52.5,46.7
232,JHARKHAND,78.8,66.1,27.0,14.0,25.1,66.5,45.8,7.9,1.8,44.6,73.2,98.5,88.9,67.6,45.7,72.0
229,JHARKHAND,80.9,71.0,36.2,19.7,32.3,66.5,63.6,15.6,2.2,48.7,73.5,97.3,86.4,64.4,44.7,72.6
243,JHARKHAND,84.1,88.2,40.7,26.6,43.4,68.7,50.1,5.0,0.6,37.7,79.2,99.2,78.4,67.7,58.9,67.5
247,JHARKHAND,94.0,88.8,35.9,29.4,41.6,67.4,32.8,1.9,0.7,40.7,84.0,95.7,89.7,70.2,50.7,77.4
245,JHARKHAND,74.9,80.9,43.7,18.4,37.3,68.2,59.6,4.3,0.6,33.8,70.3,95.8,94.9,46.3,55.8,65.4
242,JHARKHAND,70.3,75.0,40.1,19.2,39.4,68.3,58.4,6.6,6.1,43.1,70.7,89.0,79.2,51.4,52.2,58.7
238,JHARKHAND,82.0,70.1,37.8,16.2,32.5,62.1,54.4,9.1,2.7,36.4,65.4,98.2,85.5,55.6,55.0,69.7
248,JHARKHAND,79.0,81.8,35.3,23.5,35.3,59.7,61.7,9.1,2.6,40.9,78.0,98.4,76.7,64.2,49.7,72.7
233,JHARKHAND,60.3,78.9,38.2,27.8,44.9,75.1,60.5,6.4,1.3,39.3,54.9,93.2,92.6,41.5,45.4,55.6
239,JHARKHAND,75.4,78.8,41.9,23.0,46.2,72.8,57.3,13.8,5.8,36.0,69.9,92.2,93.0,52.8,62.9,57.4
249,JHARKHAND,87.3,73.8,28.3,32.7,40.6,62.8,45.9,4.8,1.9,35.2,83.1,99.3,86.3,77.2,43.9,78.4
240,JHARKHAND,73.8,71.9,38.5,32.1,44.0,66.9,34.0,11.7,1.9,37.4,63.9,92.9,68.6,55.2,58.2,59.9
237,JHARKHAND,83.8,85.3,40.2,20.1,38.7,65.8,44.7,5.1,3.0,49.3,82.4,89.1,75.2,50.1,51.7,69.3
252,JHARKHAND,75.7,79.3,42.2,21.1,37.0,75.4,59.0,7.3,0.6,34.4,61.5,84.1,66.7,71.3,60.6,68.8
246,JHARKHAND,67.9,87.0,60.6,30.5,62.4,73.3,74.8,10.5,2.7,34.9,58.8,83.3,79.3,37.7,46.7,49.8
251,JHARKHAND,81.8,80.9,40.0,32.9,48.7,76.1,42.8,9.2,3.2,54.4,77.2,93.5,85.7,60.9,63.1,68.3
256,KARNATAKA,97.5,81.4,32.8,23.6,36.9,72.7,40.0,4.7,1.1,63.7,87.0,99.1,94.4,67.7,20.7,74.0
253,KARNATAKA,95.2,78.6,48.3,16.9,42.3,63.8,49.5,4.3,3.1,76.2,89.0,98.9,99.2,51.3,22.3,69.7
259,KARNATAKA,91.8,71.1,45.9,15.0,39.0,65.2,71.5,8.2,1.6,56.4,74.4,97.6,92.5,44.8,21.2,66.6
258,KARNATAKA,99.0,74.8,36.8,22.1,36.1,69.3,60.4,9.0,2.4,55.3,89.6,98.8,98.9,56.5,21.4,73.8
276,KARNATAKA,88.9,80.2,39.8,23.2,40.7,73.6,69.1,5.2,2.9,67.5,76.1,99.7,94.0,53.0,17.8,54.3
273,KARNATAKA,90.7,84.8,49.1,23.1,45.8,70.7,55.2,7.0,0.0,50.7,80.7,99.2,96.0,58.8,20.6,59.8
267,KARNATAKA,96.2,74.3,45.2,18.2,39.8,70.3,51.1,10.4,2.3,68.7,84.7,98.6,95.5,55.2,28.3,70.7
266,KARNATAKA,99.7,87.6,45.2,16.5,40.4,67.2,68.4,1.9,0.0,85.2,98.0,99.4,87.9,79.3,24.5,81.8
281,KARNATAKA,99.3,93.6,29.6,21.9,33.3,69.0,33.1,5.9,3.0,57.9,87.4,99.1,84.8,89.6,32.0,84.3
270,KARNATAKA,97.2,95.7,29.9,17.7,35.0,66.9,59.4,8.9,1.7,58.7,92.4,99.1,99.1,68.9,28.8,71.5
257,KARNATAKA,95.7,71.5,36.1,22.9,36.5,67.5,40.2,5.1,1.6,56.4,86.6,98.9,94.7,64.1,25.7,64.4
263,KARNATAKA,98.3,94.6,36.0,17.9,32.4,61.1,57.1,6.2,2.5,79.3,95.2,99.8,97.8,63.1,35.3,75.6
265,KARNATAKA,98.3,79.4,38.4,18.8,32.8,70.2,,9.2,3.4,63.1,78.9,98.8,97.5,83.3,25.2,76.0
278,KARNATAKA,99.7,96.1,29.0,23.2,34.4,68.9,33.4,4.8,3.3,79.4,91.5,99.5,94.6,85.4,26.5,79.8
280,KARNATAKA,98.9,89.9,23.1,17.6,21.0,58.3,48.4,3.5,1.9,59.4,89.2,99.6,81.5,94.5,50.9,90.3
262,KARNATAKA,98.4,91.0,27.3,24.9,25.4,53.2,,4.8,0.4,74.3,90.9,99.3,95.7,92.3,30.0,82.9
279,KARNATAKA,100.0,97.7,40.3,10.9,26.7,67.6,,4.5,1.6,80.4,95.2,99.6,96.2,86.1,31.0,81.9
254,KARNATAKA,99.3,78.2,31.3,19.2,28.1,58.9,23.7,2.2,0.0,74.6,88.0,98.8,99.2,90.4,28.8,87.3
274,KARNATAKA,99.5,93.9,24.3,11.8,16.7,58.2,,3.1,2.3,90.1,95.5,98.4,98.4,86.7,39.9,78.3
269,KARNATAKA,100.0,96.8,27.1,15.2,23.8,63.6,47.0,4.0,1.9,75.8,92.6,99.3,96.8,87.9,36.9,82.0
264,KARNATAKA,100.0,86.8,25.1,30.5,26.4,51.1,35.8,3.9,0.9,82.0,83.5,99.8,88.6,97.1,36.3,92.7
271,KARNATAKA,98.4,90.6,30.4,21.7,22.6,54.4,50.1,5.5,2.5,74.4,93.3,98.7,89.2,93.9,45.6,88.5
275,KARNATAKA,100.0,97.2,27.5,15.6,28.2,57.2,24.2,3.0,1.6,85.7,93.5,99.5,95.4,86.4,26.2,78.9
260,KARNATAKA,100.0,93.3,32.2,18.0,28.7,68.7,,4.6,3.6,84.1,94.2,98.7,99.9,75.2,34.4,72.4
268,KARNATAKA,88.7,75.3,34.5,25.0,36.2,75.1,58.0,9.4,0.8,53.6,79.6,99.4,92.5,36.5,17.4,68.2
282,KARNATAKA,93.3,82.6,57.6,17.7,45.2,76.0,61.1,5.1,0.6,63.6,73.3,99.0,95.2,37.4,16.7,48.1
272,KARNATAKA,99.6,86.3,31.1,15.5,15.7,57.9,37.9,3.6,1.5,90.9,95.7,99.5,98.5,89.2,33.9,78.3
261,KARNATAKA,99.0,76.6,31.3,16.1,25.2,59.0,37.9,4.3,1.0,90.5,91.2,99.9,98.1,84.9,26.1,76.3
255,KARNATAKA,100.0,92.7,36.6,16.2,23.8,60.8,33.6,3.2,0.4,90.9,91.7,99.2,97.9,88.8,34.9,83.8
277,KARNATAKA,100.0,100.0,15.6,20.0,19.8,60.2,,7.2,2.5,88.7,87.0,99.6,98.3,89.6,35.7,82.7
287,KERALA,100.0,92.5,25.3,12.6,21.4,34.3,27.3,1.9,0.3,91.2,95.0,99.5,93.2,98.9,44.0,95.9
286,KERALA,100.0,77.7,19.4,14.0,17.9,37.2,39.7,0.7,3.3,78.3,93.4,99.7,93.9,99.5,47.9,99.1
296,KERALA,100.0,86.4,31.3,16.1,22.5,39.4,,1.4,1.4,94.2,95.9,97.0,94.1,97.6,64.8,93.7
290,KERALA,100.0,88.8,21.3,14.1,18.9,32.1,23.2,2.3,1.2,91.8,91.0,99.6,93.3,99.6,61.1,99.1
291,KERALA,100.0,80.3,29.4,18.2,21.4,47.2,41.1,5.5,0.6,90.4,96.9,99.7,97.7,99.9,42.8,99.2
292,KERALA,100.0,51.8,29.7,21.7,27.7,51.9,40.5,2.7,1.9,68.4,97.5,98.9,94.7,99.0,53.8,94.4
295,KERALA,100.0,,22.0,9.6,17.3,48.7,,8.2,2.3,82.4,95.2,100.0,93.7,99.5,48.7,99.4
284,KERALA,99.1,82.6,22.0,17.1,19.4,36.4,,1.8,2.4,82.2,96.1,100.0,98.2,99.3,46.2,99.3
285,KERALA,100.0,89.6,24.3,14.5,23.6,32.0,,3.3,5.3,74.3,94.0,99.0,82.3,97.5,58.1,94.4
289,KERALA,98.7,,23.4,8.4,17.3,36.8,,10.2,1.2,55.1,85.0,99.6,97.1,98.6,53.2,99.7
283,KERALA,99.4,61.9,20.1,14.4,20.4,30.3,,4.5,2.8,65.7,89.2,99.9,98.4,99.2,60.4,99.7
293,KERALA,99.1,,22.7,11.4,11.2,44.2,,4.7,3.5,83.9,95.2,99.6,94.1,98.9,50.1,99.7
288,KERALA,100.0,85.4,15.5,21.4,17.0,32.5,,5.5,5.4,79.3,91.4,99.8,95.7,97.5,56.0,98.2
294,KERALA,99.5,72.8,19.5,17.4,15.2,33.0,,6.4,4.9,55.3,86.2,99.9,92.9,95.4,48.7,98.5
298,LADAKH,96.4,88.9,24.3,17.2,19.0,95.5,79.0,10.9,7.8,69.6,80.8,99.8,87.1,42.4,16.2,76.4
297,LADAKH,93.7,87.5,36.5,17.7,21.8,87.9,76.7,6.2,2.8,88.0,78.3,99.1,90.2,42.3,13.6,77.2
299,LAKSHADWEEP,99.6,86.1,32.0,17.4,25.8,43.1,20.9,2.3,1.4,88.3,92.6,99.8,92.9,99.8,60.1,96.5
343,MADHYA PRADESH,84.2,65.8,45.8,16.2,37.7,71.6,59.6,3.7,0.2,41.0,76.2,98.0,91.1,48.0,27.1,54.8
329,MADHYA PRADESH,94.8,69.7,40.0,10.1,29.6,74.7,52.6,6.7,1.4,64.9,84.2,99.5,97.1,62.7,36.3,70.7
307,MADHYA PRADESH,93.5,70.7,32.2,12.4,29.0,75.6,56.2,7.0,0.2,63.1,84.2,98.2,95.5,79.9,31.0,73.8
318,MADHYA PRADESH,94.8,80.5,40.1,12.4,33.0,78.4,63.6,6.9,0.6,68.9,81.3,99.5,98.6,83.2,40.6,78.1
313,MADHYA PRADESH,89.4,79.6,36.8,16.4,29.4,72.8,59.7,5.7,0.4,54.2,82.0,99.8,95.8,66.8,30.9,71.2
344,MADHYA PRADESH,94.5,63.1,39.2,18.4,36.1,70.5,58.4,6.8,0.6,52.7,88.1,97.2,86.8,55.5,38.9,62.5
347,MADHYA PRADESH,89.8,79.0,27.5,19.7,34.9,67.5,36.7,4.4,0.8,64.2,86.9,99.7,80.0,56.6,40.5,70.6
310,MADHYA PRADESH,85.2,72.9,45.1,17.5,34.6,87.2,68.3,6.2,4.9,36.9,72.2,96.8,86.5,55.5,17.1,63.7
332,MADHYA PRADESH,84.0,64.5,45.1,23.2,39.2,74.5,63.4,7.8,2.1,30.9,73.5,95.8,85.5,43.8,12.6,62.9
337,MADHYA PRADESH,86.9,75.9,42.7,15.2,35.8,83.3,55.0,11.2,7.3,35.9,71.5,98.6,86.7,68.8,27.5,74.3
312,MADHYA PRADESH,85.0,60.8,40.3,16.2,32.3,76.3,50.9,10.5,4.1,46.4,75.8,97.3,81.0,40.6,21.6,68.3
338,MADHYA PRADESH,85.5,76.3,49.4,16.8,31.2,81.8,,4.0,5.2,51.5,81.3,97.8,92.7,55.4,22.0,73.0
336,MADHYA PRADESH,80.4,70.3,37.0,18.7,31.5,78.0,60.5,12.0,2.8,33.0,77.7,96.5,82.1,46.1,29.4,67.7
349,MADHYA PRADESH,92.2,90.6,45.3,15.5,36.6,71.5,48.6,4.4,3.2,48.9,89.7,98.2,79.5,53.7,19.9,67.7
331,MADHYA PRADESH,97.5,88.7,33.0,13.1,27.7,77.2,42.0,4.8,0.9,60.6,93.3,99.6,91.7,68.9,43.3,68.5
328,MADHYA PRADESH,99.4,75.1,30.9,13.1,22.9,65.4,45.8,2.9,1.4,60.8,93.6,99.9,77.6,65.4,48.4,67.2
335,MADHYA PRADESH,95.2,93.0,29.0,16.2,28.6,74.0,61.7,9.3,3.3,65.1,84.6,99.0,91.0,69.4,37.9,63.4
348,MADHYA PRADESH,97.1,93.7,34.7,29.8,36.2,81.6,47.0,7.4,7.7,60.3,84.5,99.3,94.7,72.8,35.7,66.3
314,MADHYA PRADESH,92.2,87.1,36.8,20.4,30.7,79.4,37.3,8.5,4.7,49.1,84.3,99.6,93.6,69.6,35.1,67.3
315,MADHYA PRADESH,95.5,75.4,28.8,29.5,35.9,65.0,68.6,5.5,2.9,76.5,91.4,97.6,89.2,61.9,30.3,58.6
321,MADHYA PRADESH,96.5,84.6,28.7,21.2,24.9,78.8,52.8,5.2,3.9,74.6,92.6,100.0,98.9,90.0,40.3,81.7
326,MADHYA PRADESH,92.8,77.4,31.4,27.4,44.0,71.5,38.6,5.4,0.9,61.3,83.7,98.8,97.0,73.8,43.7,61.7
305,MADHYA PRADESH,85.1,76.1,45.8,18.9,41.0,78.2,53.8,4.0,1.7,64.2,81.4,99.3,90.4,61.0,29.2,52.5
334,MADHYA PRADESH,91.7,71.9,27.6,22.4,26.8,77.5,46.4,9.2,2.5,55.2,73.3,97.8,74.2,47.8,27.1,56.5
350,MADHYA PRADESH,90.6,78.0,36.5,16.6,34.4,52.3,50.9,8.4,1.1,54.4,87.8,98.7,95.7,65.2,48.2,68.9
308,MADHYA PRADESH,98.3,,19.9,20.6,29.1,68.5,,2.3,0.6,64.6,89.5,99.6,96.7,79.6,50.7,81.3
339,MADHYA PRADESH,94.7,60.3,21.9,20.3,27.6,82.4,58.8,8.9,2.8,45.0,74.4,99.2,92.2,75.2,33.2,69.7
333,MADHYA PRADESH,96.0,,30.4,21.1,25.4,61.1,,7.1,1.3,56.6,88.8,99.3,92.4,69.6,41.0,78.6
306,MADHYA PRADESH,87.6,80.9,30.8,21.7,31.4,57.8,65.8,5.3,0.3,74.0,85.4,98.1,87.1,59.8,51.3,76.1
319,MADHYA PRADESH,88.4,90.8,38.8,28.0,34.7,85.6,45.6,6.4,9.2,71.9,83.9,98.8,92.3,68.8,33.3,73.9
320,MADHYA PRADESH,91.8,73.5,34.8,19.5,27.2,78.8,35.3,9.2,7.3,31.5,67.6,97.2,93.5,68.5,28.6,73.6
324,MADHYA PRADESH,91.8,86.0,49.5,21.8,44.0,78.7,44.5,9.1,4.3,52.9,82.2,97.9,94.0,53.5,18.1,72.0
322,MADHYA PRADESH,94.7,,18.0,26.4,31.3,37.8,,8.0,0.0,60.4,97.5,99.7,98.0,61.9,61.2,72.4
330,MADHYA PRADESH,91.4,82.7,32.0,19.6,28.1,73.4,53.0,4.0,2.4,74.2,91.4,99.0,99.8,77.0,49.4,73.6
316,MADHYA PRADESH,77.6,80.3,38.9,15.8,33.6,78.1,69.8,6.9,4.8,56.5,82.9,97.4,66.1,47.9,47.2,66.8
327,MADHYA PRADESH,87.6,88.9,32.1,15.9,33.0,70.2,64.3,9.2,3.5,54.4,84.2,96.8,79.7,58.4,42.6,69.1
311,MADHYA PRADESH,92.2,65.3,23.9,18.1,32.8,50.5,36.8,4.0,0.9,67.0,90.2,98.9,89.1,77.1,48.5,75.0
340,MADHYA PRADESH,94.8,88.8,23.5,21.1,31.1,71.8,57.8,6.7,1.6,64.5,93.4,99.2,79.1,56.2,44.6,73.7
304,MADHYA PRADESH,95.1,75.8,41.9,20.5,44.9,56.8,,1.7,0.0,69.1,92.1,98.7,83.3,79.6,68.4,79.8
317,MADHYA PRADESH,98.0,78.8,31.9,10.1,25.1,75.1,55.0,3.8,1.1,68.3,78.0,98.3,81.4,55.6,43.1,56.8
303,MADHYA PRADESH,91.3,69.1,32.6,19.7,31.1,59.7,42.5,7.4,1.4,57.9,77.8,98.6,90.1,53.7,34.2,61.3
341,MADHYA PRADESH,85.6,86.1,44.0,20.4,39.2,57.3,56.8,3.2,1.1,57.4,83.2,97.5,79.2,61.4,58.4,72.1
302,MADHYA PRADESH,84.8,86.6,24.0,18.4,30.7,49.2,53.8,5.9,0.7,63.6,85.6,97.0,79.8,69.4,52.8,75.0
345,MADHYA PRADESH,83.8,78.2,39.1,16.6,32.8,72.5,55.8,9.6,2.8,39.4,79.7,96.4,83.7,44.7,26.1,71.7
346,MADHYA PRADESH,69.9,76.9,37.3,25.2,36.0,56.6,,3.8,0.0,58.1,72.2,92.7,77.9,52.6,58.5,65.4
323,MADHYA PRADESH,92.9,88.9,49.3,17.9,41.7,80.1,60.3,2.5,1.3,63.6,86.5,98.9,85.2,57.6,43.7,38.6
301,MADHYA PRADESH,83.2,84.1,34.6,15.4,31.6,76.4,61.7,2.4,0.7,54.7,79.9,98.5,89.6,84.7,42.5,42.1
325,MADHYA PRADESH,93.2,87.9,38.4,20.7,35.3,86.8,,4.2,9.3,62.2,93.3,99.3,88.7,76.7,38.1,67.7
309,MADHYA PRADESH,90.7,91.7,38.7,27.9,47.2,77.9,36.4,6.2,3.0,63.1,84.6,98.3,96.0,74.0,42.2,67.6
300,MADHYA PRADESH,98.9,75.8,40.3,18.7,35.7,71.6,,0.8,0.0,76.5,89.9,99.5,81.4,72.3,58.9,59.4
342,MADHYA PRADESH,98.1,90.0,27.8,23.4,27.6,76.1,44.5,4.0,1.8,64.7,85.6,99.9,91.8,74.5,34.3,62.0
371,MAHARASTRA,76.3,72.4,45.8,30.7,57.2,79.3,68.2,9.8,4.7,58.2,74.4,96.2,94.6,54.1,15.3,57.7
359,MAHARASTRA,77.2,56.6,37.6,38.9,46.0,72.2,70.6,15.7,2.1,63.2,77.2,96.0,89.9,58.9,19.8,68.8
363,MAHARASTRA,86.5,61.3,36.3,30.5,36.9,85.2,63.8,6.7,4.1,58.4,74.5,96.8,94.3,59.7,11.9,76.5
357,MAHARASTRA,93.9,85.9,45.0,31.7,47.2,79.4,,8.8,6.3,72.7,86.7,97.1,89.7,68.9,37.9,79.9
352,MAHARASTRA,97.7,69.5,31.8,29.4,30.8,77.5,39.2,12.0,6.5,76.3,82.3,97.6,95.1,69.5,40.1,87.5
385,MAHARASTRA,92.9,71.6,35.3,31.7,39.3,70.4,33.8,19.2,5.1,60.0,83.4,97.2,73.7,61.5,24.1,78.0
353,MAHARASTRA,91.3,92.5,29.0,26.2,38.0,74.4,43.3,11.6,5.2,71.7,80.2,99.1,95.8,75.7,31.9,87.8
384,MAHARASTRA,98.8,92.4,27.7,28.1,31.3,71.4,36.5,6.0,2.5,70.4,89.9,98.8,98.5,80.2,27.1,93.0
369,MAHARASTRA,100.0,89.4,27.6,34.0,33.9,70.5,,4.0,3.9,71.4,91.4,99.5,99.5,88.9,25.6,94.6
355,MAHARASTRA,100.0,87.0,31.3,28.4,33.9,72.8,64.7,3.9,2.7,79.0,87.5,98.8,92.0,81.8,30.0,89.1
361,MAHARASTRA,99.1,88.2,36.9,23.7,35.6,78.0,43.6,4.5,2.6,66.2,90.0,98.2,91.6,74.3,30.6,87.5
360,MAHARASTRA,97.3,97.9,35.7,30.0,35.4,76.6,39.3,4.7,3.2,86.8,91.5,95.8,83.0,62.4,33.3,79.4
358,MAHARASTRA,99.6,95.0,37.3,38.5,46.6,76.6,,5.7,7.3,68.5,92.3,98.9,96.5,77.3,28.9,87.8
386,MAHARASTRA,96.3,74.7,36.6,27.5,39.4,75.2,53.7,7.4,0.0,66.9,85.6,97.2,89.5,66.4,29.0,80.8
370,MAHARASTRA,94.8,75.7,36.0,19.0,35.2,76.1,52.9,14.4,1.0,53.5,76.1,96.4,94.8,68.0,15.7,71.9
362,MAHARASTRA,94.0,76.9,37.4,25.8,38.9,72.5,53.3,10.1,3.2,66.6,82.4,98.1,92.4,69.0,14.7,76.5
375,MAHARASTRA,85.6,52.0,37.6,22.8,41.8,75.4,48.0,18.6,1.4,47.4,64.4,96.8,89.0,60.1,10.5,73.4
364,MAHARASTRA,92.8,54.3,38.0,22.2,39.0,68.3,47.3,19.0,7.0,58.4,74.0,95.7,82.8,63.6,9.7,71.8
354,MAHARASTRA,94.8,56.7,34.2,26.4,42.9,64.5,48.2,12.6,4.1,57.2,76.4,97.0,91.7,69.1,12.4,83.1
372,MAHARASTRA,90.5,70.4,42.2,27.2,44.8,67.3,73.4,19.2,4.7,66.4,76.5,95.3,86.3,68.3,14.7,80.0
368,MAHARASTRA,98.1,,37.2,18.6,24.6,65.6,,1.7,1.7,72.2,91.5,99.2,99.8,62.6,20.2,91.6
367,MAHARASTRA,99.5,,26.6,25.3,29.6,72.8,19.9,3.5,1.7,87.1,90.6,99.6,100.0,58.6,30.7,94.3
377,MAHARASTRA,96.6,92.3,35.8,19.1,34.1,67.0,65.7,3.8,2.6,83.1,93.0,97.9,87.8,74.8,26.3,79.2
376,MAHARASTRA,98.0,58.1,30.7,31.4,32.7,58.7,,6.7,3.3,68.6,84.2,99.4,96.9,79.6,14.4,89.0
351,MAHARASTRA,97.9,83.5,31.7,24.9,41.2,64.5,44.0,15.9,2.7,76.6,90.9,94.5,90.0,79.5,12.0,86.2
356,MAHARASTRA,94.0,75.9,40.8,28.4,36.8,61.0,,14.8,3.0,56.8,79.8,94.8,85.4,66.4,9.3,76.3
366,MAHARASTRA,94.7,79.2,43.2,18.0,33.9,59.5,51.0,9.8,3.3,72.6,93.3,97.2,94.6,72.5,33.6,83.3
373,MAHARASTRA,98.1,89.3,37.2,16.1,32.5,67.4,44.4,9.2,4.1,89.2,94.4,96.8,96.4,71.2,14.8,83.7
382,MAHARASTRA,96.2,83.6,36.3,23.2,32.9,70.9,34.1,11.4,2.4,81.9,89.6,97.1,90.4,67.8,20.5,76.4
380,MAHARASTRA,97.1,82.8,20.2,20.5,28.0,68.9,28.8,10.4,5.9,81.7,94.5,97.9,95.6,78.7,11.4,87.2
378,MAHARASTRA,97.8,77.2,31.7,23.7,29.5,69.4,,2.7,2.4,78.6,89.7,99.2,90.9,85.6,16.6,87.2
381,MAHARASTRA,100.0,76.3,30.8,27.7,32.0,55.6,,0.6,1.4,73.4,96.7,99.4,73.2,87.9,13.2,92.1
365,MAHARASTRA,99.2,67.2,33.6,18.9,34.7,66.4,48.9,3.9,3.2,81.8,95.2,98.8,97.3,82.0,16.5,90.7
379,MAHARASTRA,98.0,75.0,35.0,18.6,27.2,62.7,42.3,3.8,0.3,80.1,95.6,98.2,96.8,84.7,12.3,90.3
374,MAHARASTRA,94.2,94.0,33.0,23.9,37.1,70.3,48.5,1.8,4.7,86.3,97.0,97.7,91.1,75.1,18.8,77.6
383,MAHARASTRA,93.6,74.9,40.8,17.8,30.8,67.9,,3.0,0.4,70.2,87.2,99.3,96.7,74.7,22.7,90.5
392,MANIPUR,45.8,65.0,27.3,10.7,12.9,48.5,18.3,4.4,2.3,64.9,37.0,98.8,64.4,84.4,15.4,81.9
393,MANIPUR,57.7,67.4,27.1,9.6,19.3,37.0,31.4,3.2,1.4,56.4,52.7,93.6,51.6,77.9,16.8,76.8
389,MANIPUR,72.9,64.9,25.1,12.1,9.8,41.1,51.8,4.0,1.3,61.3,58.2,94.0,62.5,81.2,18.2,84.2
387,MANIPUR,89.5,66.6,15.5,7.9,11.7,42.4,39.0,9.7,2.1,77.4,79.0,98.6,77.7,52.6,9.3,88.4
394,MANIPUR,87.8,74.2,31.5,8.3,14.9,39.7,32.0,3.7,1.1,89.9,75.6,98.6,72.5,61.3,19.1,85.4
391,MANIPUR,95.7,74.1,15.6,9.3,10.2,41.8,39.5,2.3,2.4,93.4,90.8,99.4,89.1,58.7,15.7,92.5
390,MANIPUR,91.7,76.2,18.4,11.7,14.4,50.3,27.4,11.7,1.9,87.1,85.4,98.6,90.2,59.5,7.0,90.0
395,MANIPUR,44.6,39.4,27.1,11.6,16.0,34.6,25.7,2.1,1.9,38.8,44.9,95.0,50.9,81.4,17.0,86.9
388,MANIPUR,55.5,55.5,34.0,8.3,14.7,42.4,20.3,4.9,1.2,66.6,55.0,99.9,68.6,85.2,16.1,80.2
401,MEGHALAYA,88.3,86.8,29.8,18.3,20.8,33.6,33.7,5.4,3.1,33.3,65.9,98.6,60.4,88.4,79.5,88.6
400,MEGHALAYA,56.9,74.8,42.5,17.9,29.6,45.7,65.0,11.3,3.6,61.0,39.5,92.1,86.2,85.3,66.8,89.5
398,MEGHALAYA,63.4,49.1,44.6,11.2,23.8,39.0,43.7,11.5,5.1,57.5,33.6,96.6,90.0,80.9,47.1,93.7
396,MEGHALAYA,73.8,72.4,39.7,20.1,26.5,28.0,29.1,9.2,1.6,25.5,59.9,97.4,67.0,83.9,71.9,86.7
397,MEGHALAYA,48.4,74.4,49.8,8.5,23.6,47.2,46.5,10.6,4.8,58.6,49.1,85.1,74.6,83.6,74.1,76.0
399,MEGHALAYA,61.5,47.5,35.6,11.7,15.8,30.2,40.8,6.6,0.9,24.3,40.5,97.5,51.5,84.9,60.8,86.1
402,MEGHALAYA,83.7,85.4,32.2,19.9,26.4,35.5,37.8,7.9,7.5,28.5,60.6,95.5,58.6,71.4,75.1,82.6
403,MEGHALAYA,41.7,78.8,51.4,10.4,27.6,61.3,63.2,7.5,6.0,63.4,42.9,87.9,85.3,89.6,72.3,85.9
404,MEGHALAYA,89.6,77.1,39.5,14.9,26.3,30.2,26.7,7.8,3.5,48.0,70.9,94.7,83.7,86.3,77.9,89.0
405,MEGHALAYA,42.2,59.7,48.7,9.7,28.3,54.6,64.6,13.7,4.8,43.1,28.6,75.4,70.6,75.1,65.6,80.0
406,MEGHALAYA,41.7,62.5,59.0,8.0,31.1,56.2,49.6,10.1,6.5,64.0,42.0,85.0,80.5,87.8,60.1,87.4
409,MIZORAM,55.5,55.5,34.0,8.3,14.7,42.4,20.3,4.9,1.2,66.6,55.0,99.9,68.6,85.2,16.1,80.2
413,MIZORAM,75.0,85.9,26.4,7.4,13.9,45.5,29.9,0.6,0.0,52.5,63.9,97.9,97.3,92.7,61.7,89.6
410,MIZORAM,91.4,80.4,30.4,11.3,12.6,53.8,43.8,1.2,0.9,66.0,71.5,99.1,95.3,96.8,61.1,96.9
407,MIZORAM,97.4,66.4,25.3,7.3,9.6,44.0,33.4,7.1,0.8,68.5,73.4,99.7,98.3,96.1,37.5,98.9
408,MIZORAM,96.7,85.3,27.2,12.1,13.1,38.3,15.7,0.8,0.0,63.4,72.3,100.0,98.6,98.3,64.9,97.7
414,MIZORAM,96.2,84.7,31.8,8.4,14.4,43.2,43.4,3.2,0.3,60.3,86.2,99.3,97.7,98.2,58.8,99.7
412,MIZORAM,82.7,73.8,26.5,9.5,11.1,45.7,27.5,4.0,0.8,56.7,67.1,98.0,96.0,95.6,46.5,91.6
411,MIZORAM,53.7,70.2,32.7,16.2,16.9,55.3,46.5,2.7,0.5,33.0,46.2,89.0,82.2,90.3,31.3,76.0
420,NAGALAND,21.4,62.4,35.5,7.8,23.3,39.4,27.0,4.7,1.6,9.7,25.6,96.4,86.7,86.4,39.3,78.2
419,NAGALAND,51.5,92.0,31.4,11.7,22.9,35.5,11.5,2.4,0.9,18.2,47.4,97.7,97.4,96.7,22.3,94.0
425,NAGALAND,35.0,60.7,44.0,26.9,44.5,34.9,40.8,1.8,0.0,11.2,24.9,99.4,91.0,88.9,18.1,87.1
424,NAGALAND,43.6,42.8,26.3,23.5,28.0,45.4,29.8,3.6,1.6,34.7,50.7,99.7,83.4,88.5,20.6,91.6
415,NAGALAND,73.7,55.9,28.3,25.0,29.8,48.9,32.9,2.2,0.6,50.1,68.7,99.8,92.4,81.1,5.7,86.6
422,NAGALAND,32.2,54.6,28.0,12.9,15.6,44.9,18.2,1.9,1.1,9.5,39.6,99.4,98.1,90.1,24.9,85.8
423,NAGALAND,34.8,39.9,37.1,24.6,34.2,38.8,20.0,5.5,1.8,4.4,29.5,96.6,90.4,92.0,22.0,77.8
418,NAGALAND,38.7,53.0,34.1,19.8,25.7,40.4,30.5,6.1,1.2,15.4,28.5,99.1,76.3,86.6,38.3,82.0
416,NAGALAND,34.8,42.8,36.9,11.0,25.0,55.2,19.5,7.9,1.6,5.8,31.9,97.9,90.9,83.1,8.8,73.7
417,NAGALAND,66.9,82.8,28.3,26.9,22.1,38.4,3.9,0.5,0.9,28.3,58.9,99.5,89.9,87.4,26.7,95.2
421,NAGALAND,43.5,63.3,34.9,9.1,20.7,51.0,26.4,3.4,0.5,14.5,46.9,98.2,92.5,89.4,5.4,77.6
426,NCT OF DELHI,92.2,82.1,33.5,13.5,25.5,70.3,,11.0,3.1,73.1,84.9,99.8,99.7,77.0,22.6,84.7
427,NCT OF DELHI,92.6,74.6,35.2,15.7,29.9,65.9,37.2,14.2,4.5,89.7,90.0,99.5,98.4,78.0,30.7,84.3
428,NCT OF DELHI,91.8,82.2,27.4,6.8,20.7,72.9,,6.3,5.2,80.1,86.4,100.0,99.1,69.4,25.2,83.9
429,NCT OF DELHI,89.7,66.2,25.0,8.9,17.4,67.5,48.4,12.7,5.7,50.6,68.9,99.8,99.3,70.2,18.1,81.9
430,NCT OF DELHI,89.2,86.4,38.7,8.8,21.8,62.5,39.4,11.5,2.3,86.2,82.6,99.9,98.2,89.5,19.4,85.1
431,NCT OF DELHI,94.0,78.3,26.9,10.9,22.8,73.6,40.6,10.8,8.8,77.9,86.1,100.0,99.7,88.2,28.2,86.4
432,NCT OF DELHI,95.8,82.5,32.9,21.2,30.2,71.4,,8.7,4.5,88.9,91.5,99.9,99.8,83.4,21.5,85.5
433,NCT OF DELHI,82.0,86.2,33.4,9.4,18.9,65.4,,9.5,0.9,85.6,82.9,99.9,100.0,89.5,28.7,86.6
434,NCT OF DELHI,96.1,64.6,21.7,14.7,20.4,72.7,35.1,10.6,4.9,83.2,92.3,99.7,100.0,83.8,24.5,86.8
435,NCT OF DELHI,92.5,77.3,27.1,10.6,16.8,70.1,44.2,6.9,9.2,91.0,92.4,100.0,99.7,86.2,37.7,88.3
436,NCT OF DELHI,91.8,67.5,36.1,8.4,19.0,68.5,49.2,10.7,7.3,67.1,86.9,100.0,99.8,76.8,21.0,83.2
440,ODISHA,99.6,95.9,38.9,18.0,30.0,56.2,57.6,4.0,2.8,70.1,92.7,98.4,98.0,61.9,45.5,75.7
450,ODISHA,98.6,97.6,27.1,16.9,26.9,65.5,,5.9,1.0,94.1,96.4,98.1,88.4,70.0,37.7,81.0
464,ODISHA,99.5,98.0,40.7,25.5,36.3,64.5,,7.6,1.7,89.0,90.5,98.8,93.0,62.4,49.3,76.6
444,ODISHA,91.2,100.0,28.4,27.3,34.3,61.5,,13.4,4.4,77.5,88.5,95.3,86.2,69.9,57.5,69.5
466,ODISHA,91.3,82.0,32.9,21.1,34.7,77.1,68.4,5.4,3.9,73.1,79.7,97.1,91.5,65.5,39.3,74.1
454,ODISHA,80.4,86.0,36.2,23.8,37.1,64.6,74.7,15.3,2.4,57.1,75.4,91.1,92.9,47.6,43.3,67.0
458,ODISHA,91.7,84.4,36.7,28.5,45.9,71.7,56.0,17.5,3.2,52.9,86.3,90.3,80.1,54.4,46.5,61.5
439,ODISHA,97.6,94.1,24.4,15.0,22.6,43.2,,18.3,5.9,56.6,87.6,97.1,98.5,70.9,40.6,76.5
442,ODISHA,96.1,83.7,32.3,15.8,28.9,68.7,70.4,13.8,7.9,74.9,89.0,97.8,100.0,62.0,44.9,82.6
453,ODISHA,96.7,82.8,28.6,7.9,17.9,61.5,56.0,10.4,6.5,77.1,85.5,99.5,99.7,57.3,50.0,86.7
448,ODISHA,98.3,91.3,13.2,10.7,11.0,58.2,,11.0,7.1,82.6,89.2,98.2,99.5,60.1,56.8,86.3
443,ODISHA,98.9,90.4,20.4,14.2,18.9,63.8,,8.3,8.4,84.2,92.5,98.2,92.3,60.2,42.3,83.2
449,ODISHA,93.8,79.5,25.5,15.9,21.8,66.4,62.4,12.0,9.1,73.8,92.4,97.0,92.0,47.4,53.9,78.4
445,ODISHA,94.8,88.6,33.3,22.7,30.0,62.0,60.0,9.5,6.1,75.8,90.7,96.3,63.4,58.2,55.2,77.1
437,ODISHA,85.7,87.0,28.1,25.1,30.5,75.3,75.7,12.0,4.5,83.7,84.8,96.7,76.2,66.4,63.1,74.6
460,ODISHA,98.3,96.1,20.0,10.5,20.2,55.2,61.6,10.6,1.9,90.3,96.2,98.3,82.9,67.1,49.3,81.9
455,ODISHA,97.8,87.9,17.1,13.2,16.9,56.1,73.4,9.9,2.1,91.0,95.4,99.5,94.6,73.2,43.2,85.7
462,ODISHA,97.7,95.8,13.8,8.9,11.3,51.0,,11.8,0.0,94.9,93.9,99.5,98.5,67.3,61.5,87.7
447,ODISHA,93.0,88.5,23.9,10.2,18.9,61.3,52.9,10.6,0.4,82.7,89.3,99.3,89.6,72.9,51.9,71.9
446,ODISHA,76.4,92.6,43.4,16.1,34.3,64.4,77.4,6.4,0.3,83.0,78.2,94.1,78.1,58.3,39.6,50.5
452,ODISHA,93.9,96.8,34.2,23.3,35.2,55.3,53.4,5.3,1.4,81.1,90.6,96.6,64.4,52.4,54.5,70.3
441,ODISHA,93.4,91.8,37.0,20.1,38.6,56.2,40.7,7.0,2.3,79.0,89.6,96.3,92.5,52.9,44.7,71.0
465,ODISHA,96.1,98.0,29.6,26.0,34.5,73.1,,5.3,0.3,87.8,93.1,98.7,94.2,66.7,45.8,79.2
438,ODISHA,97.9,95.8,32.7,25.5,37.6,74.9,48.1,2.3,0.7,95.4,96.5,97.8,92.9,66.3,44.0,69.8
461,ODISHA,89.8,97.0,43.1,18.1,38.0,73.5,57.3,7.0,0.8,71.7,85.9,94.6,97.5,58.4,45.3,57.2
451,ODISHA,92.8,91.3,33.0,17.2,33.6,68.8,70.2,4.2,2.7,82.9,94.0,97.2,96.5,64.4,48.6,63.8
463,ODISHA,68.9,92.7,43.6,16.1,39.8,70.5,77.3,5.1,1.1,85.3,69.7,96.6,91.3,50.5,45.5,45.1
459,ODISHA,87.6,94.8,44.1,25.2,46.6,70.8,60.7,3.6,0.5,87.7,89.3,97.4,99.1,44.1,48.4,41.0
456,ODISHA,82.1,98.0,43.1,15.9,33.5,69.7,59.3,8.3,0.4,79.2,83.5,96.2,89.5,39.4,54.6,41.7
457,ODISHA,90.7,94.8,44.3,19.3,41.6,78.7,74.3,3.8,1.1,82.8,89.5,95.8,94.7,41.4,47.0,41.3
470,PUDUCHERRY,100.0,79.7,25.0,12.4,18.7,39.7,,2.5,0.0,79.8,97.1,99.8,100.0,84.1,29.2,83.3
469,PUDUCHERRY,99.5,80.1,17.0,11.6,13.1,66.3,,4.5,5.6,87.0,92.1,100.0,100.0,84.6,31.3,91.7
468,PUDUCHERRY,100.0,95.3,48.2,7.3,32.6,36.9,25.6,0.0,0.0,85.0,96.8,99.7,98.0,99.8,23.6,99.7
467,PUDUCHERRY,99.6,88.9,25.5,15.3,19.7,65.5,66.3,1.6,4.1,88.3,95.0,99.6,99.9,84.3,26.9,89.6
481,PUNJAB,95.0,65.7,24.6,12.8,19.2,68.7,,3.3,2.0,51.4,88.4,99.8,99.4,87.7,20.7,85.3
480,PUNJAB,92.3,91.3,24.8,10.3,16.7,69.2,,4.1,0.9,72.8,88.2,99.6,99.9,88.2,25.9,88.1
479,PUNJAB,98.3,92.9,19.3,11.5,12.4,69.6,,1.7,1.3,59.7,92.9,99.9,99.9,89.7,27.7,92.8
491,PUNJAB,99.3,100.0,17.9,12.0,11.2,63.9,,1.2,0.0,60.5,96.6,100.0,99.7,91.3,23.3,89.9
475,PUNJAB,96.6,83.6,30.0,7.1,18.2,61.5,,3.1,0.9,76.0,95.5,99.6,99.7,87.6,35.1,87.2
482,PUNJAB,90.1,73.2,22.1,5.9,12.4,77.9,,5.6,0.0,65.2,82.5,99.7,99.9,84.6,25.2,85.3
484,PUNJAB,93.0,80.6,22.0,12.0,16.8,70.3,,7.4,6.0,58.4,87.4,99.9,99.2,87.8,23.7,76.0
485,PUNJAB,96.4,57.6,35.0,13.6,30.7,69.0,,7.5,4.0,57.9,88.1,99.5,97.8,82.9,23.9,72.7
474,PUNJAB,94.3,70.8,28.1,10.3,20.7,76.1,57.7,9.4,3.7,53.4,81.7,99.0,92.5,87.5,20.4,75.3
473,PUNJAB,93.1,66.5,23.0,15.4,23.8,69.6,,13.0,9.0,48.2,78.7,100.0,99.1,88.4,20.1,72.5
483,PUNJAB,88.8,79.1,36.6,12.1,22.7,78.2,68.2,2.9,5.8,49.4,84.3,99.5,99.3,85.4,18.4,69.4
487,PUNJAB,97.3,74.7,20.3,9.9,16.9,76.7,71.7,5.8,0.6,72.0,81.8,99.7,99.1,88.1,33.8,78.6
471,PUNJAB,95.9,65.8,19.4,11.9,11.2,73.6,35.1,2.9,1.6,56.5,90.1,99.9,99.6,86.0,26.2,81.7
492,PUNJAB,96.0,81.8,23.8,11.3,14.4,70.5,,0.9,0.3,60.3,85.5,99.7,95.6,82.0,25.0,68.6
488,PUNJAB,97.8,76.5,15.1,9.1,15.3,65.5,,3.2,0.9,65.2,83.9,99.8,98.5,84.0,37.8,88.9
489,PUNJAB,97.4,71.1,26.2,10.7,23.0,63.7,56.4,5.0,2.5,69.0,87.3,99.6,99.9,87.6,31.0,86.7
490,PUNJAB,94.7,89.6,23.4,10.4,18.1,66.9,49.4,6.4,6.6,47.7,86.6,99.6,99.7,92.4,18.7,79.8
472,PUNJAB,96.7,68.5,33.8,9.4,16.5,60.6,58.5,11.0,6.0,63.8,86.0,99.8,99.8,90.7,20.7,78.8
476,PUNJAB,91.7,60.5,35.9,9.5,20.2,70.0,62.6,5.2,1.8,36.5,84.3,99.8,97.3,81.8,20.6,72.8
477,PUNJAB,95.5,74.5,30.0,12.9,22.0,73.4,62.0,2.5,4.4,48.4,83.9,99.6,95.6,84.8,21.0,75.7
478,PUNJAB,92.4,80.0,25.1,9.5,15.3,70.1,43.1,2.3,1.3,61.1,86.0,99.1,97.6,85.4,23.5,84.4
486,PUNJAB,94.8,77.4,22.1,10.3,10.8,68.3,31.8,2.7,0.4,52.4,88.5,99.9,98.6,79.2,27.0,90.5
507,RAJASTHAN,97.7,89.7,24.5,24.9,26.1,72.3,64.3,3.0,4.2,58.7,85.9,96.9,94.4,83.4,85.3,71.0
508,RAJASTHAN,94.9,83.3,24.2,19.8,21.3,81.0,55.8,2.2,1.6,53.1,83.4,99.0,97.8,83.8,89.0,69.7
500,RAJASTHAN,90.0,75.6,22.8,25.6,28.5,82.4,46.4,3.6,2.2,50.5,81.2,96.1,94.9,79.8,87.4,64.3
503,RAJASTHAN,87.8,74.3,27.1,16.5,23.4,78.1,51.5,6.2,5.2,45.0,73.9,96.6,98.2,80.2,81.9,66.0
513,RAJASTHAN,97.1,88.7,20.9,13.9,19.6,77.2,50.7,3.7,3.1,49.2,84.6,99.0,98.4,79.0,86.1,76.1
494,RAJASTHAN,91.3,59.4,33.9,15.6,24.0,63.2,49.0,6.1,4.0,30.0,72.9,97.8,97.6,66.0,80.8,65.6
498,RAJASTHAN,92.1,64.1,40.3,12.2,29.1,75.7,56.1,15.3,3.8,33.2,75.9,98.3,93.9,62.7,84.8,63.1
505,RAJASTHAN,94.4,85.9,45.7,13.7,31.3,81.7,63.7,10.8,6.0,42.4,79.4,97.5,94.8,57.5,89.0,59.9
515,RAJASTHAN,97.6,88.9,37.6,26.6,37.3,75.9,70.1,6.4,2.4,42.0,89.4,98.7,94.8,49.9,86.4,54.8
521,RAJASTHAN,97.4,54.9,26.9,22.0,24.2,73.3,55.9,8.7,7.0,47.3,75.2,95.5,92.5,71.2,80.5,57.4
504,RAJASTHAN,98.2,92.1,37.7,20.7,33.5,74.4,60.0,7.3,4.4,53.6,89.7,99.0,99.4,59.4,91.2,62.2
509,RAJASTHAN,97.3,89.3,25.0,14.6,20.8,71.3,43.7,4.3,0.6,53.5,89.4,99.5,99.9,79.6,81.5,73.8
522,RAJASTHAN,95.8,70.0,23.1,12.8,18.3,61.5,32.9,5.9,3.2,50.4,83.5,99.2,99.4,77.9,82.4,73.3
517,RAJASTHAN,97.0,80.6,31.5,16.2,26.2,65.1,33.2,4.6,1.3,46.2,80.8,99.0,96.9,79.0,90.0,67.8
514,RAJASTHAN,90.0,81.2,32.6,13.3,25.4,64.4,23.6,5.3,2.4,56.7,81.6,98.4,96.5,75.4,87.5,68.2
510,RAJASTHAN,90.0,72.0,25.5,25.0,31.7,58.6,35.5,7.7,3.1,47.6,80.1,97.3,95.2,75.7,93.7,63.5
497,RAJASTHAN,93.3,92.9,39.1,11.5,31.7,67.1,36.6,9.4,1.3,64.9,83.3,95.5,99.9,83.6,97.8,67.6
511,RAJASTHAN,95.5,78.0,44.3,12.1,36.5,66.3,43.5,5.2,1.7,71.2,87.6,98.4,98.3,77.4,96.6,62.6
523,RAJASTHAN,95.7,86.4,30.7,16.4,31.2,75.8,42.2,7.5,2.9,69.5,91.1,93.9,93.6,54.1,92.0,62.2
518,RAJASTHAN,98.8,90.2,35.9,18.3,35.9,72.6,42.1,6.3,1.3,45.0,96.4,99.7,96.2,81.8,96.2,76.3
493,RAJASTHAN,95.1,78.9,22.3,20.0,23.1,76.3,59.6,4.2,2.9,52.8,82.3,99.9,98.1,77.5,88.7,70.2
524,RAJASTHAN,97.4,75.3,33.1,18.1,28.2,64.6,49.9,8.6,5.7,66.2,84.5,97.8,90.9,66.2,84.5,56.4
501,RAJASTHAN,95.3,75.7,30.0,19.6,29.1,74.9,44.8,7.4,9.5,74.0,85.2,98.4,95.7,56.3,87.7,57.9
499,RAJASTHAN,95.0,83.2,22.6,17.4,23.5,62.7,42.8,3.9,2.0,64.7,95.7,99.3,93.1,62.3,89.1,58.1
520,RAJASTHAN,95.1,71.7,30.3,16.6,23.7,84.3,52.3,8.2,3.2,60.7,82.6,98.9,94.8,72.1,93.2,69.7
506,RAJASTHAN,94.1,83.3,31.4,15.6,25.9,79.8,53.3,5.7,0.0,50.6,92.6,99.4,94.1,59.9,97.5,68.2
495,RAJASTHAN,97.7,83.0,44.6,17.3,38.7,82.1,43.3,3.8,0.5,69.9,94.0,93.1,95.6,40.8,84.2,54.8
502,RAJASTHAN,96.8,87.8,31.4,14.6,25.9,72.4,38.4,5.2,1.3,75.0,91.2,99.0,97.6,63.8,90.6,57.5
516,RAJASTHAN,97.9,84.4,29.5,20.8,26.4,66.7,49.5,6.4,7.4,81.3,88.8,99.4,99.6,79.0,80.9,77.9
496,RAJASTHAN,97.3,89.3,46.0,21.3,40.2,65.1,59.3,5.4,8.1,79.3,92.4,98.3,96.1,59.0,89.5,59.7
512,RAJASTHAN,98.3,81.5,34.0,29.0,38.1,73.1,48.5,3.7,5.1,72.3,89.7,99.3,92.4,62.1,93.6,56.3
525,RAJASTHAN,96.1,86.8,34.0,8.6,26.6,76.9,39.7,6.9,1.8,62.3,96.6,98.1,92.7,60.3,94.3,64.2
519,RAJASTHAN,96.4,75.8,29.0,24.9,31.8,65.8,56.2,5.0,0.8,52.9,94.0,97.0,88.6,46.3,84.5,55.4
527,SIKKIM,97.3,90.8,31.8,4.5,15.3,53.5,26.9,7.2,0.7,59.4,71.3,98.9,94.7,83.8,24.5,81.4
529,SIKKIM,99.3,96.9,25.2,21.1,19.3,67.1,,3.3,2.1,70.4,63.6,98.8,89.9,88.9,19.9,85.7
528,SIKKIM,97.4,86.4,24.8,8.0,7.2,56.5,,4.5,0.0,84.5,83.1,99.6,93.3,91.7,20.8,90.5
526,SIKKIM,91.8,,17.8,14.3,13.0,49.8,,6.5,0.5,43.8,65.8,99.4,93.6,85.0,29.9,90.1
552,TAMIL NADU,100.0,88.6,18.1,17.0,20.6,58.4,,5.2,3.9,85.4,90.3,99.8,100.0,75.6,57.4,85.9
531,TAMIL NADU,100.0,96.6,20.4,18.3,21.9,55.3,,4.1,1.0,89.9,95.0,99.9,98.7,90.4,58.2,96.1
537,TAMIL NADU,100.0,69.1,20.6,15.7,19.8,68.8,,3.1,2.3,76.1,87.3,99.4,99.4,75.9,59.7,84.5
559,TAMIL NADU,99.5,92.7,29.8,13.1,19.7,60.9,,2.8,0.3,95.4,98.6,99.3,97.7,76.2,71.4,84.7
558,TAMIL NADU,99.1,97.1,30.6,14.8,25.0,64.7,,6.0,2.6,97.7,98.1,99.0,98.5,61.7,69.6,81.7
560,TAMIL NADU,99.1,88.5,23.9,12.4,20.5,73.4,,5.6,1.4,94.9,88.1,99.7,98.4,53.8,77.6,77.8
547,TAMIL NADU,100.0,77.0,23.6,10.1,20.8,51.3,,0.7,1.6,85.0,92.9,99.5,97.6,64.5,67.5,83.2
543,TAMIL NADU,100.0,83.9,25.2,10.3,15.7,67.9,,4.0,0.0,97.8,94.8,99.2,99.5,75.2,68.8,88.9
536,TAMIL NADU,100.0,95.9,19.4,20.9,26.9,46.5,,1.5,0.0,93.9,96.5,99.6,98.9,67.6,77.7,83.1
550,TAMIL NADU,100.0,90.1,26.7,17.3,23.2,45.9,,1.3,0.0,92.5,91.5,98.6,96.4,83.6,74.5,90.6
535,TAMIL NADU,97.0,92.6,27.1,21.1,28.4,50.2,34.6,2.3,0.4,96.2,95.3,98.8,99.5,61.0,71.9,81.0
539,TAMIL NADU,100.0,82.5,33.6,18.4,36.3,73.2,,5.6,0.7,95.7,96.4,98.7,99.4,63.6,74.6,80.5
555,TAMIL NADU,98.6,97.1,27.6,20.9,27.4,82.3,,5.2,1.4,90.5,97.6,99.0,98.1,67.1,67.8,84.8
544,TAMIL NADU,100.0,92.5,29.1,15.9,22.3,69.2,,4.3,0.0,92.2,90.1,99.1,100.0,57.4,75.5,83.0
530,TAMIL NADU,100.0,90.8,25.3,15.1,20.1,62.0,64.1,5.6,0.0,91.4,95.7,98.2,93.2,54.6,71.1,77.4
533,TAMIL NADU,99.2,79.0,20.2,13.9,18.0,64.8,,3.4,1.6,82.2,87.7,99.2,99.5,61.3,64.4,80.5
542,TAMIL NADU,99.7,93.8,32.3,12.5,24.3,60.9,44.8,5.7,2.5,93.1,91.9,99.0,100.0,69.6,70.9,89.3
553,TAMIL NADU,100.0,97.1,19.8,18.4,21.5,45.0,,4.3,0.7,92.3,89.5,98.6,100.0,71.0,75.2,91.2
549,TAMIL NADU,100.0,78.5,19.6,8.3,21.9,64.8,,4.8,2.6,93.7,93.8,98.8,99.7,79.6,70.6,86.4
545,TAMIL NADU,100.0,83.3,32.2,9.5,21.6,71.1,62.2,5.1,3.3,91.6,95.4,98.9,95.7,55.2,72.9,83.7
548,TAMIL NADU,100.0,89.4,27.6,22.8,28.4,56.4,,2.6,0.0,90.9,89.1,99.4,96.5,74.4,67.7,88.0
541,TAMIL NADU,100.0,88.8,32.4,9.5,21.5,54.3,,4.3,0.6,89.5,91.4,98.9,98.7,80.1,66.3,87.3
551,TAMIL NADU,100.0,95.2,20.2,15.5,18.8,46.8,36.6,3.8,0.2,98.7,97.1,99.4,99.9,74.4,67.4,86.9
561,TAMIL NADU,97.8,76.7,29.2,14.4,23.7,58.9,,9.3,0.0,83.4,80.2,99.5,97.4,59.8,51.3,85.3
546,TAMIL NADU,99.6,90.4,26.4,17.7,21.6,57.2,46.7,3.3,0.0,88.2,94.9,99.3,93.9,78.6,69.7,86.1
554,TAMIL NADU,100.0,100.0,20.3,18.4,21.0,55.6,,4.8,0.7,80.7,94.8,100.0,97.0,79.4,57.8,90.3
556,TAMIL NADU,100.0,93.3,29.4,12.0,22.7,49.9,,2.7,0.0,85.0,92.9,99.5,98.1,79.8,61.3,87.3
538,TAMIL NADU,100.0,96.0,17.3,11.4,14.5,39.1,46.5,0.9,0.0,84.2,86.0,99.8,98.2,96.2,64.1,98.0
534,TAMIL NADU,99.6,90.6,28.7,16.9,23.2,54.2,,3.2,0.0,94.5,98.0,99.4,98.7,72.4,75.5,80.6
540,TAMIL NADU,99.6,87.3,29.0,10.4,19.3,46.5,33.3,1.1,0.4,93.1,95.5,99.2,99.8,75.9,73.6,79.9
532,TAMIL NADU,100.0,94.5,23.0,7.0,18.5,37.8,51.0,2.9,1.2,90.0,95.4,99.4,99.9,78.5,61.0,90.6
557,TAMIL NADU,100.0,,21.5,15.3,23.1,44.8,40.8,1.5,0.7,93.5,98.4,99.5,99.8,75.9,59.9,87.5
562,TELANGANA,94.1,69.3,45.7,29.5,52.0,76.3,61.0,10.3,1.7,74.8,83.4,99.2,95.7,50.8,63.6,64.8
563,TELANGANA,97.4,80.4,28.4,21.8,25.3,69.3,50.6,9.2,1.0,70.1,87.1,99.4,99.1,75.3,59.4,68.7
564,TELANGANA,98.3,73.8,30.4,17.7,18.9,63.6,,1.0,0.8,69.9,91.2,99.9,99.6,84.4,48.9,83.6
565,TELANGANA,94.4,77.7,29.9,17.5,32.3,59.9,,4.1,0.4,81.9,84.1,99.3,97.3,76.5,59.2,62.4
566,TELANGANA,99.6,84.2,33.4,22.9,30.9,69.5,,10.8,2.7,65.4,85.6,99.3,99.4,84.3,71.7,65.5
567,TELANGANA,99.5,87.9,32.5,31.8,36.7,67.9,,7.0,1.9,72.7,89.1,99.3,95.1,65.6,71.5,58.9
568,TELANGANA,94.2,86.9,49.7,17.3,41.7,82.4,76.9,5.4,3.7,72.9,88.3,99.8,97.0,73.7,61.8,45.0
569,TELANGANA,97.1,75.5,33.4,34.5,43.9,71.6,,7.1,1.4,79.5,86.8,99.5,99.4,68.2,66.5,58.6
570,TELANGANA,98.4,73.4,30.3,13.9,27.5,70.8,61.0,13.5,2.1,69.6,89.5,99.7,98.3,78.8,58.6,70.3
571,TELANGANA,97.9,86.6,22.2,24.7,26.2,60.5,68.8,6.7,9.3,76.3,93.2,99.7,98.4,84.5,60.4,66.3
572,TELANGANA,82.0,76.2,38.1,35.7,41.1,70.7,65.8,7.1,2.2,68.8,85.5,97.8,93.6,54.0,63.6,51.7
573,TELANGANA,97.7,76.1,33.0,19.3,26.3,81.1,54.1,11.2,1.5,67.7,91.5,99.6,98.2,68.6,69.3,58.0
574,TELANGANA,98.1,89.4,42.6,17.8,33.0,82.6,44.9,4.0,2.4,62.6,84.9,99.4,99.6,73.7,70.3,59.6
575,TELANGANA,90.1,76.0,25.9,22.1,27.4,58.7,,12.6,1.1,64.7,87.7,99.6,95.6,78.1,64.4,69.5
576,TELANGANA,98.9,69.3,36.4,21.3,42.0,70.0,,13.3,1.2,68.5,80.8,99.4,99.9,78.2,61.2,57.7
577,TELANGANA,98.3,76.1,33.4,12.0,25.0,73.8,,6.4,4.1,69.6,90.6,100.0,99.9,86.2,53.8,79.5
578,TELANGANA,98.0,81.1,35.1,27.3,30.9,75.1,,3.6,2.9,75.1,90.3,99.9,99.6,73.2,68.6,57.1
579,TELANGANA,98.3,78.3,31.7,29.8,28.0,74.5,58.3,4.6,5.2,65.7,92.2,99.9,99.2,76.4,64.8,62.6
580,TELANGANA,96.7,75.3,31.7,18.1,33.4,65.3,47.2,7.8,0.0,69.7,87.2,99.5,98.3,63.6,49.9,58.6
581,TELANGANA,97.3,86.1,30.5,26.2,38.4,65.3,38.9,16.2,1.1,78.5,79.5,99.9,99.4,72.5,52.3,63.1
582,TELANGANA,96.5,73.1,27.5,28.8,33.1,69.6,,11.6,2.0,77.9,87.6,99.5,98.0,77.8,59.1,73.7
583,TELANGANA,97.6,84.1,22.4,19.4,26.1,65.7,36.6,6.1,2.1,67.1,89.9,99.8,98.7,77.4,62.8,64.7
584,TELANGANA,97.2,85.8,37.8,13.9,29.5,75.8,44.8,5.3,1.1,75.1,89.8,99.7,99.4,81.1,58.3,72.1
585,TELANGANA,93.0,78.5,32.9,25.0,35.1,67.0,63.9,12.3,0.8,66.4,84.7,99.6,99.4,68.0,58.1,63.6
586,TELANGANA,99.7,63.1,28.1,19.3,29.6,63.5,,8.3,3.1,62.6,74.1,99.5,97.2,84.1,60.9,71.0
587,TELANGANA,95.9,70.4,29.1,24.9,30.1,76.6,39.8,4.6,4.3,70.4,88.6,99.4,99.8,77.9,63.1,63.5
588,TELANGANA,95.0,86.2,32.1,20.0,37.1,70.0,,13.0,2.5,54.8,80.8,99.1,99.7,66.7,59.6,59.3
589,TELANGANA,99.0,87.0,40.4,15.1,33.2,75.3,63.5,5.0,1.7,62.8,87.6,99.2,99.4,75.9,70.1,52.1
590,TELANGANA,100.0,79.0,36.1,19.0,37.9,71.5,61.5,14.4,4.6,70.4,93.8,99.7,99.0,74.3,72.0,60.1
591,TELANGANA,99.7,70.1,29.5,29.5,36.0,67.0,,8.7,4.3,71.3,92.6,99.6,99.1,81.2,62.0,76.9
592,TELANGANA,97.7,76.7,38.3,10.3,27.2,65.3,38.5,6.0,1.1,67.2,93.2,99.6,99.7,81.9,65.3,68.4
593,TRIPURA,87.3,73.7,45.7,15.9,27.6,81.2,75.4,4.9,1.5,52.0,72.4,97.7,70.3,67.6,44.2,71.6
594,TRIPURA,93.2,67.1,22.7,27.6,29.0,70.7,52.8,9.8,1.6,40.6,66.3,98.8,87.7,77.4,29.9,77.2
595,TRIPURA,95.7,60.7,47.0,16.6,24.7,73.4,63.7,0.7,2.0,41.5,59.7,99.0,83.2,67.8,44.1,80.5
596,TRIPURA,85.4,69.6,26.2,30.0,32.2,52.5,55.3,5.7,0.7,67.1,76.6,96.2,75.6,74.1,28.7,83.1
597,TRIPURA,87.7,70.3,34.5,14.9,21.0,72.1,55.8,9.9,0.4,52.8,72.1,99.0,97.4,75.4,31.6,79.6
598,TRIPURA,89.7,48.5,25.5,15.3,21.6,59.6,57.1,11.3,3.2,58.4,68.0,95.9,90.5,68.6,37.3,80.3
599,TRIPURA,71.5,58.3,31.8,19.3,32.0,62.8,76.7,6.2,1.6,24.6,44.5,96.4,78.6,61.8,28.0,76.4
600,TRIPURA,95.3,88.4,30.3,11.7,21.2,54.5,56.2,2.4,0.5,61.2,87.7,99.8,98.5,80.2,28.1,86.2
663,UTTAR PRADESH,81.7,89.2,28.8,22.0,26.7,68.1,30.1,6.1,3.9,52.4,83.6,98.3,99.7,83.8,11.8,73.8
616,UTTAR PRADESH,83.7,90.6,36.2,9.4,21.9,60.9,47.0,3.2,1.7,48.8,82.4,96.1,99.7,78.2,18.8,74.1
662,UTTAR PRADESH,81.0,79.4,40.4,17.6,32.1,69.6,51.2,5.0,5.3,50.4,72.5,96.2,100.0,79.0,13.1,59.3
639,UTTAR PRADESH,81.1,72.9,42.2,22.5,35.4,69.6,40.4,5.5,0.4,43.9,77.7,96.4,99.7,78.9,8.3,64.4
655,UTTAR PRADESH,80.6,82.5,32.1,10.2,23.7,55.2,44.9,2.8,2.0,49.9,81.2,98.6,99.7,82.7,18.4,80.2
608,UTTAR PRADESH,80.9,83.9,25.5,10.3,26.0,60.2,70.7,4.0,0.6,42.4,79.1,98.5,99.9,87.0,12.5,78.1
628,UTTAR PRADESH,86.6,68.2,25.5,12.0,21.9,62.9,61.9,4.7,5.2,52.7,85.4,99.4,99.9,74.0,23.8,80.6
618,UTTAR PRADESH,83.5,67.3,37.6,13.8,26.5,64.1,61.2,5.4,1.8,47.6,82.5,96.3,100.0,81.5,20.5,72.1
602,UTTAR PRADESH,82.6,70.1,35.0,10.9,26.3,62.6,59.0,5.6,3.2,44.7,82.1,95.3,100.0,69.4,17.6,68.7
649,UTTAR PRADESH,80.3,71.6,39.1,12.0,24.5,72.1,61.0,11.5,7.6,27.8,50.8,94.9,99.0,73.3,10.9,68.7
653,UTTAR PRADESH,79.5,73.6,31.6,11.0,21.3,77.2,55.2,9.3,6.4,39.3,62.8,98.2,98.4,71.2,10.8,67.9
601,UTTAR PRADESH,89.1,74.1,35.9,16.4,26.2,73.0,61.8,6.8,4.5,42.7,77.2,99.1,99.8,70.8,9.4,65.0
627,UTTAR PRADESH,80.1,67.1,46.9,9.5,25.6,73.9,45.8,7.0,3.9,39.3,73.7,96.3,99.4,69.0,13.4,74.4
652,UTTAR PRADESH,82.7,75.0,44.3,14.6,33.6,70.4,48.4,5.7,4.9,38.1,63.3,95.2,99.6,63.1,16.1,78.4
614,UTTAR PRADESH,75.1,70.5,45.9,15.4,35.2,67.7,50.9,4.4,2.5,43.1,75.2,92.5,100.0,79.7,18.7,54.7
659,UTTAR PRADESH,76.2,92.3,38.9,20.1,39.4,57.3,40.1,8.6,3.7,43.6,72.6,86.8,100.0,76.8,21.4,59.3
667,UTTAR PRADESH,63.3,76.5,44.5,17.0,34.7,75.4,56.0,5.8,7.3,35.3,62.8,84.1,100.0,69.2,14.2,59.5
645,UTTAR PRADESH,82.8,69.5,47.6,15.8,36.3,66.3,56.1,3.7,1.3,48.0,60.5,84.2,99.9,65.6,22.0,62.0
671,UTTAR PRADESH,84.8,65.9,47.8,18.2,37.9,66.4,57.8,9.5,5.4,35.4,71.5,68.4,99.7,52.5,23.2,59.2
635,UTTAR PRADESH,73.9,63.3,44.5,22.3,33.0,76.1,63.3,5.1,3.4,39.7,67.0,71.0,99.9,55.7,16.0,59.3
674,UTTAR PRADESH,80.8,58.6,39.2,12.1,29.3,76.0,33.8,8.0,2.3,19.8,54.2,75.4,98.5,60.3,15.3,68.2
648,UTTAR PRADESH,91.3,68.9,32.1,11.5,25.5,52.9,,4.9,1.4,53.1,78.7,96.8,99.8,80.4,15.8,79.8
625,UTTAR PRADESH,69.3,68.5,47.8,14.3,31.1,77.1,47.7,4.6,4.1,41.5,72.5,91.8,99.7,72.6,13.5,65.1
640,UTTAR PRADESH,76.4,55.8,43.0,21.5,33.5,79.6,66.4,5.6,3.5,46.4,70.3,87.3,99.9,70.1,15.3,68.3
623,UTTAR PRADESH,85.2,77.7,38.8,13.9,24.3,74.0,51.9,5.8,4.8,43.7,79.3,95.7,99.5,78.1,17.9,79.7
606,UTTAR PRADESH,90.1,82.5,39.7,19.4,32.6,64.2,42.1,6.5,3.2,50.4,77.8,94.0,99.5,74.3,18.4,79.3
641,UTTAR PRADESH,84.3,56.3,44.1,12.5,32.8,69.2,60.2,4.4,1.5,54.4,67.9,79.8,99.4,70.6,17.9,75.6
642,UTTAR PRADESH,86.6,72.8,34.6,21.4,27.8,76.3,46.3,7.1,3.9,69.9,71.1,89.3,98.8,77.5,16.1,82.7
636,UTTAR PRADESH,85.1,66.2,45.1,19.5,36.1,55.2,52.7,1.2,0.8,62.8,67.5,96.9,99.0,80.2,17.6,71.0
638,UTTAR PRADESH,92.9,44.5,40.9,25.2,39.3,70.3,35.7,4.9,3.4,36.6,80.4,95.2,96.8,73.2,11.4,72.5
647,UTTAR PRADESH,90.8,70.8,46.6,18.7,34.8,56.0,51.0,2.7,0.8,45.7,71.1,94.1,96.6,64.2,11.7,61.3
633,UTTAR PRADESH,96.3,77.1,48.0,20.6,36.3,68.5,34.5,8.4,2.7,43.2,87.2,94.6,99.4,77.7,21.9,73.2
650,UTTAR PRADESH,96.3,70.7,42.3,25.0,33.4,70.1,45.2,6.6,4.0,46.2,86.3,95.9,94.3,69.0,16.2,69.7
612,UTTAR PRADESH,89.8,62.9,51.0,25.7,49.8,82.2,50.3,2.4,3.5,39.0,73.7,89.2,98.2,59.3,13.3,62.6
620,UTTAR PRADESH,81.1,63.7,47.5,24.8,41.8,55.3,43.9,3.2,1.9,30.3,50.3,92.0,97.0,56.7,17.4,62.1
626,UTTAR PRADESH,81.4,55.7,51.1,17.8,38.0,78.1,49.0,2.9,1.9,38.1,66.8,76.8,98.8,63.1,16.8,66.5
660,UTTAR PRADESH,90.8,75.0,35.5,10.0,27.7,58.0,27.1,2.8,1.6,30.6,71.1,92.5,97.8,52.0,14.9,77.7
644,UTTAR PRADESH,88.6,65.7,40.2,18.3,36.8,65.5,49.6,3.9,1.8,34.0,74.2,78.7,98.3,59.6,20.2,62.0
603,UTTAR PRADESH,83.2,55.8,37.9,15.1,32.6,50.5,43.0,3.8,0.7,45.9,67.5,95.0,95.8,59.5,20.6,70.8
613,UTTAR PRADESH,76.0,64.4,41.9,18.1,31.9,65.5,60.7,5.2,4.8,22.6,41.5,74.8,98.8,62.4,14.6,61.1
624,UTTAR PRADESH,89.1,68.7,30.6,12.4,27.5,57.7,39.3,2.5,0.7,33.8,75.5,90.3,100.0,64.4,19.8,77.7
604,UTTAR PRADESH,92.2,75.1,31.1,17.8,29.2,54.9,47.9,3.0,1.6,44.5,76.8,94.2,100.0,63.6,23.0,78.5
609,UTTAR PRADESH,67.7,51.8,52.1,14.4,38.0,71.7,48.6,9.8,6.6,34.3,52.4,77.8,100.0,44.2,10.1,41.6
669,UTTAR PRADESH,80.4,59.6,50.9,20.3,40.8,61.2,41.0,9.8,6.7,42.4,68.3,73.7,99.3,58.1,13.5,40.8
611,UTTAR PRADESH,69.7,57.4,41.2,24.9,37.2,75.4,38.1,5.1,5.4,41.0,62.1,78.4,99.8,59.7,13.0,44.9
631,UTTAR PRADESH,81.8,59.9,45.9,12.1,28.0,62.0,48.8,15.4,11.2,41.7,68.6,88.9,100.0,44.6,13.4,60.4
670,UTTAR PRADESH,69.7,65.1,37.2,24.8,36.3,75.8,46.2,4.1,4.3,60.9,61.8,90.7,99.9,42.8,12.2,49.1
615,UTTAR PRADESH,93.2,73.8,35.9,24.2,39.2,58.4,28.8,10.4,7.7,31.5,83.8,94.6,100.0,64.2,15.8,65.3
665,UTTAR PRADESH,90.6,80.2,42.3,19.0,34.2,71.6,36.2,3.5,4.9,43.2,72.5,94.0,99.9,65.1,20.4,62.7
651,UTTAR PRADESH,93.3,76.2,40.5,21.8,37.4,60.5,38.9,3.4,4.2,52.5,77.2,94.8,100.0,66.7,18.2,64.1
632,UTTAR PRADESH,91.6,67.7,29.6,23.3,33.7,67.4,41.4,3.4,3.9,56.3,79.1,94.9,99.8,69.6,17.9,70.1
646,UTTAR PRADESH,89.4,65.4,32.2,24.3,36.6,52.8,31.9,4.6,5.9,35.8,79.3,91.5,100.0,73.1,15.6,64.4
621,UTTAR PRADESH,93.4,64.2,36.8,26.5,39.4,54.9,21.1,5.0,1.6,42.5,77.2,95.3,99.8,69.1,10.5,73.7
607,UTTAR PRADESH,93.2,64.5,33.4,14.4,28.0,58.9,58.0,2.7,1.8,38.5,72.9,96.5,100.0,72.8,9.0,78.9
654,UTTAR PRADESH,94.7,59.1,25.4,21.2,30.3,62.7,37.2,4.7,2.6,43.2,80.0,94.2,99.8,75.1,16.0,74.4
610,UTTAR PRADESH,90.0,62.2,43.8,21.9,42.5,71.6,16.3,10.3,7.1,30.5,76.6,89.1,99.8,61.7,10.6,73.3
637,UTTAR PRADESH,88.8,75.1,40.5,14.8,30.3,65.3,30.5,5.1,4.8,47.6,82.3,98.2,99.1,62.6,12.0,77.3
630,UTTAR PRADESH,88.3,60.8,39.3,25.7,38.3,71.6,29.8,6.6,5.3,29.2,71.5,91.8,99.3,64.1,10.6,75.8
619,UTTAR PRADESH,86.2,70.6,39.5,17.4,29.9,64.6,55.4,4.4,1.2,32.9,65.2,91.9,97.5,66.7,28.1,73.9
675,UTTAR PRADESH,95.2,79.3,37.4,21.0,39.0,65.2,17.3,4.4,2.1,51.4,85.1,97.2,98.4,83.2,12.8,80.6
666,UTTAR PRADESH,90.3,62.2,42.7,9.1,26.5,59.2,53.8,4.1,1.6,25.8,69.5,96.5,96.7,68.8,18.8,72.6
656,UTTAR PRADESH,91.1,68.3,43.4,12.5,27.6,59.8,36.4,3.8,2.6,36.5,69.8,92.7,96.9,72.3,15.0,73.4
672,UTTAR PRADESH,76.8,72.7,38.3,26.8,46.5,63.0,52.9,2.0,2.9,36.4,59.9,82.9,89.6,70.6,19.7,64.8
622,UTTAR PRADESH,76.7,55.5,48.8,15.0,30.6,77.4,44.6,9.4,9.1,33.6,60.2,88.0,99.8,62.7,12.8,70.8
643,UTTAR PRADESH,74.8,69.2,45.1,19.3,35.5,80.8,44.8,11.1,6.1,38.1,62.0,87.2,99.4,69.8,15.1,60.6
605,UTTAR PRADESH,90.8,75.9,35.8,19.9,33.1,52.4,36.6,4.4,3.7,31.7,76.3,92.3,98.7,60.9,20.9,67.3
617,UTTAR PRADESH,72.3,69.5,51.8,18.2,43.0,72.2,39.3,10.6,4.2,40.6,62.4,80.7,99.8,69.7,13.6,52.4
629,UTTAR PRADESH,86.4,68.5,28.2,17.1,23.4,61.8,39.6,4.7,0.8,62.0,84.8,99.9,99.1,84.5,20.0,81.8
634,UTTAR PRADESH,83.3,84.4,30.2,18.5,26.9,69.4,30.8,3.9,2.0,53.3,83.0,98.8,99.9,85.6,14.9,75.3
657,UTTAR PRADESH,80.3,84.5,34.7,19.1,27.0,67.6,33.6,7.0,2.2,33.2,76.1,96.0,99.8,79.0,17.1,69.4
658,UTTAR PRADESH,87.0,69.5,29.8,20.7,29.9,65.4,40.2,6.4,0.5,44.0,88.5,97.8,99.9,80.1,8.2,73.4
661,UTTAR PRADESH,89.5,71.4,47.0,13.0,28.8,76.4,44.4,2.1,4.0,43.6,60.1,88.9,98.1,55.0,16.8,66.5
664,UTTAR PRADESH,74.2,83.0,51.6,14.1,29.8,69.8,53.0,5.4,2.1,32.9,67.5,91.9,100.0,72.8,13.7,52.6
668,UTTAR PRADESH,78.3,91.1,28.6,24.3,27.5,65.2,28.8,1.9,1.3,41.0,81.3,98.7,99.9,83.3,14.8,65.8
673,UTTAR PRADESH,87.0,80.2,33.4,10.7,28.3,62.3,65.2,2.3,1.3,47.0,70.5,94.3,99.5,65.1,20.7,74.9
688,UTTARAKHAND,85.9,81.8,34.1,10.6,23.5,73.6,64.0,4.8,1.7,66.8,72.0,99.6,96.1,75.7,80.3,81.2
678,UTTARAKHAND,73.9,85.0,34.1,16.2,21.6,65.5,40.9,5.7,1.5,52.2,72.1,99.5,94.4,87.6,71.1,90.5
685,UTTARAKHAND,86.6,91.4,25.2,8.0,10.9,52.4,35.4,3.2,0.9,76.5,83.6,99.5,93.9,86.8,76.6,87.2
686,UTTARAKHAND,82.2,83.0,29.3,12.8,20.7,61.7,54.0,3.0,2.5,48.9,78.5,99.9,84.1,84.6,71.2,75.5
680,UTTARAKHAND,91.7,76.0,20.9,10.1,19.1,59.5,,1.7,1.4,75.3,82.4,99.7,99.0,83.9,67.3,87.6
681,UTTARAKHAND,76.0,76.0,30.0,12.0,18.8,57.2,,6.1,1.6,39.6,64.0,99.4,83.5,83.3,62.7,85.8
684,UTTARAKHAND,84.9,96.0,25.6,12.4,20.6,36.2,34.5,4.8,0.5,58.7,82.0,99.6,90.9,84.5,72.8,89.1
677,UTTARAKHAND,82.0,86.9,23.6,7.7,11.9,43.7,27.6,4.0,1.8,67.9,78.1,99.8,92.0,88.5,71.9,87.8
676,UTTARAKHAND,80.1,85.1,26.0,17.0,22.9,57.7,14.5,6.2,4.0,44.3,78.1,99.9,93.3,89.2,66.0,88.0
679,UTTARAKHAND,79.8,91.9,24.9,12.4,15.3,43.1,30.1,4.2,0.0,62.0,80.8,99.6,95.4,82.7,65.7,84.7
683,UTTARAKHAND,81.2,74.1,23.2,14.0,14.8,59.8,31.2,5.0,2.4,59.7,75.9,99.1,93.0,82.4,60.8,85.4
687,UTTARAKHAND,85.1,83.2,26.8,12.4,22.0,60.8,48.8,3.4,1.9,75.9,82.0,99.6,99.9,70.9,59.0,72.3
682,UTTARAKHAND,79.8,76.5,31.1,16.4,27.0,63.1,63.6,6.4,3.9,48.5,74.2,99.7,99.6,69.8,46.6,76.4
692,WEST BENGAL,98.4,94.2,34.3,20.6,31.6,68.1,,6.6,3.1,79.2,73.9,98.2,90.8,83.0,26.3,77.0
695,WEST BENGAL,95.8,87.9,28.9,18.3,25.4,67.4,44.8,4.3,2.1,88.4,74.8,97.4,95.2,73.2,35.8,73.6
696,WEST BENGAL,93.0,94.2,28.7,16.8,22.5,66.4,72.0,4.5,2.5,77.3,71.9,98.2,99.3,75.7,36.0,79.2
707,WEST BENGAL,76.9,84.4,44.8,16.0,32.0,77.2,84.4,7.9,4.3,70.1,60.9,96.9,99.8,63.8,21.0,65.4
691,WEST BENGAL,91.4,92.6,31.9,22.8,30.2,72.5,61.4,2.7,2.1,76.4,83.2,96.5,99.7,79.0,28.3,74.3
698,WEST BENGAL,87.7,87.2,40.5,20.0,35.3,71.0,67.6,5.5,2.3,82.8,61.6,98.1,99.0,62.0,29.0,72.3
699,WEST BENGAL,87.0,90.0,39.8,16.3,32.4,72.1,66.7,7.8,2.4,66.9,49.8,96.7,99.1,69.7,28.4,67.6
690,WEST BENGAL,90.3,81.6,37.0,25.5,41.8,76.5,66.0,9.5,4.7,78.4,67.5,97.8,99.4,55.0,37.7,70.8
700,WEST BENGAL,97.7,89.9,26.1,17.6,25.1,63.6,58.7,5.9,3.3,71.2,89.4,98.2,98.2,78.4,23.0,76.2
701,WEST BENGAL,97.5,92.8,32.4,13.3,23.6,57.9,62.3,2.0,2.0,89.9,87.8,99.5,99.5,80.4,30.7,85.5
694,WEST BENGAL,97.0,95.4,28.9,20.0,33.4,67.9,,11.2,0.8,72.2,56.7,98.4,98.1,76.2,26.5,77.4
689,WEST BENGAL,93.3,85.0,30.3,26.0,38.8,67.1,71.3,12.7,4.3,75.7,67.2,92.3,96.3,49.2,43.4,68.3
705,WEST BENGAL,89.8,84.7,36.9,29.4,46.3,77.9,72.2,9.0,4.0,57.8,51.5,88.6,87.6,29.2,35.6,61.0
693,WEST BENGAL,95.5,87.8,27.5,21.3,27.3,67.7,,6.6,5.6,82.7,70.7,99.0,99.5,72.9,20.1,80.5
697,WEST BENGAL,97.5,80.2,29.6,29.3,32.9,72.3,,5.6,2.6,71.7,72.8,99.6,99.3,60.9,21.1,87.6
706,WEST BENGAL,91.0,91.7,36.7,21.2,32.2,70.4,47.4,4.5,1.6,87.5,67.0,99.2,100.0,70.1,36.7,85.6
703,WEST BENGAL,87.6,76.9,31.1,30.3,40.0,66.0,62.9,6.3,1.4,63.1,79.7,95.4,95.5,58.3,25.8,70.9
704,WEST BENGAL,91.5,88.4,25.8,15.5,30.6,67.5,66.4,8.9,3.8,56.8,48.5,99.0,87.8,69.8,21.5,77.0
702,WEST BENGAL,89.8,62.4,39.7,25.5,41.0,74.7,49.4,8.8,2.0,70.4,64.1,97.0,95.2,71.5,21.8,73.5
